{
	"File_name": "step3",
	"data": {
		"PartName": "step3.STL",
		"MinPointX": 7.655935287475586,
		"MinPointY": 385.1875,
		"MinPointZ": -305.0001525878906,
		"MaxPointX": 25.003768920898438,
		"MaxPointY": 436.16845703125,
		"MaxPointZ": 34.9998779296875,
		"SizeToAxisX": 17.34783363342285,
		"SizeToAxisY": 50.98095703125,
		"SizeToAxisZ": 340.0000305175781,
		"CenterPointX": 16.32985210418701,
		"CenterPointY": 410.677978515625,
		"CenterPointZ": -135.00013732910156,
		"hole": {
			"part4_1-hole_1": {
				"CenterX": 490.41400146484375,
				"CenterY": 1151.6405029296875,
				"CenterZ": -7.62939453125e-05
			},
			"part4_1-hole_2": {
				"CenterX": 490.41400146484375,
				"CenterY": 1151.6405029296875,
				"CenterZ": -270.0000915527344
			},
			"part4_1-hole_3": {
				"CenterX": 446.58001708984375,
				"CenterY": 876.0599975585938,
				"CenterZ": 6.103515625e-05
			},
			"part4_1-hole_4": {
				"CenterX": 446.5800476074219,
				"CenterY": 876.0599975585938,
				"CenterZ": -270.00006103515625
			},
			"part4_1-hole_5": {
				"CenterX": 444.3502197265625,
				"CenterY": 860.2161865234375,
				"CenterZ": -3.0517578125e-05
			},
			"part4_1-hole_6": {
				"CenterX": 444.3502197265625,
				"CenterY": 860.2161254882812,
				"CenterZ": -270.00006103515625
			},
			"part4_1-hole_7": {
				"CenterX": 442.1203918457031,
				"CenterY": 844.372314453125,
				"CenterZ": -3.0517578125e-05
			},
			"part4_1-hole_8": {
				"CenterX": 442.1203918457031,
				"CenterY": 844.372314453125,
				"CenterZ": -270.00006103515625
			},
			"part6_1-hole_1": {
				"CenterX": 15.489974975585938,
				"CenterY": 394.70001220703125,
				"CenterZ": 34.99998474121094
			},
			"part6_1-hole_2": {
				"CenterX": 16.329986572265625,
				"CenterY": 410.6800231933594,
				"CenterZ": 64.99998474121094
			},
			"part6_1-hole_3": {
				"CenterX": 17.16998291015625,
				"CenterY": 426.65997314453125,
				"CenterZ": 34.99997329711914
			},
			"part6_1-hole_4": {
				"CenterX": 382.37005615234375,
				"CenterY": 375.47998046875,
				"CenterZ": -3.0517578125e-05
			},
			"part6_1-hole_5": {
				"CenterX": 383.21002197265625,
				"CenterY": 391.4599914550781,
				"CenterZ": 29.99994659423828
			},
			"part6_1-hole_6": {
				"CenterX": 384.0400390625,
				"CenterY": 407.4299621582031,
				"CenterZ": -4.1961669921875e-05
			},
			"part6_1-hole_7": {
				"CenterX": 408.2400207519531,
				"CenterY": 567.3900146484375,
				"CenterZ": -4.1961669921875e-05
			},
			"part6_1-hole_8": {
				"CenterX": 442.1201171875,
				"CenterY": 844.3699951171875,
				"CenterZ": -3.4332275390625e-05
			},
			"part6_1-hole_9": {
				"CenterX": 444.35009765625,
				"CenterY": 860.2200317382812,
				"CenterZ": 30.00005340576172
			},
			"part6_1-hole_10": {
				"CenterX": 446.5800476074219,
				"CenterY": 876.06005859375,
				"CenterZ": -3.0517578125e-05
			},
			"C122620_1-hole_1": {
				"CenterX": 37.509639739990234,
				"CenterY": 432.5964050292969,
				"CenterZ": -23.00011444091797
			},
			"C122620_1-hole_2": {
				"CenterX": 37.58837890625,
				"CenterY": 434.0943298339844,
				"CenterZ": -23.00011444091797
			},
			"C122620_2-hole_1": {
				"CenterX": 37.50960922241211,
				"CenterY": 432.596435546875,
				"CenterZ": -247.0001983642578
			},
			"C122620_2-hole_2": {
				"CenterX": 37.588348388671875,
				"CenterY": 434.0943603515625,
				"CenterZ": -247.0001983642578
			},
			"part2_1-hole_1": {
				"CenterX": 17.169710159301758,
				"CenterY": 426.65594482421875,
				"CenterZ": -305.00018310546875
			},
			"part2_1-hole_2": {
				"CenterX": 17.169769287109375,
				"CenterY": 426.6559143066406,
				"CenterZ": 34.999908447265625
			},
			"part2_1-hole_3": {
				"CenterX": 16.329818725585938,
				"CenterY": 410.677978515625,
				"CenterZ": -305.00018310546875
			},
			"part2_1-hole_4": {
				"CenterX": 16.329877853393555,
				"CenterY": 410.677978515625,
				"CenterZ": 34.999908447265625
			},
			"part2_1-hole_5": {
				"CenterX": 15.489927291870117,
				"CenterY": 394.7000427246094,
				"CenterZ": -305.00018310546875
			},
			"part2_1-hole_6": {
				"CenterX": 15.489967346191406,
				"CenterY": 394.6999816894531,
				"CenterZ": 35.0
			},
			"part2_1-hole_7": {
				"CenterX": 27.07719612121582,
				"CenterY": 424.633056640625,
				"CenterZ": -247.0001983642578
			},
			"part2_1-hole_8": {
				"CenterX": 27.07723617553711,
				"CenterY": 424.633056640625,
				"CenterZ": -23.000106811523438
			}
		}
	}
}