{
	"File_name": "step5",
	"data": {
		"PartName": "step5.STL",
		"MinPointX": -1.52587890625e-05,
		"MinPointY": -6.103515625e-05,
		"MinPointZ": -335.0001525878906,
		"MaxPointX": 464.670166015625,
		"MaxPointY": 900.572021484375,
		"MaxPointZ": 64.99995422363281,
		"SizeToAxisX": 464.67018127441406,
		"SizeToAxisY": 900.5720825195312,
		"SizeToAxisZ": 400.00010681152344,
		"CenterPointX": 232.33507537841797,
		"CenterPointY": 450.2859802246094,
		"CenterPointZ": -135.0000991821289,
		"hole": {
			"C122620_1-hole_1": {
				"CenterX": 364.4327697753906,
				"CenterY": 415.46429443359375,
				"CenterZ": -55.00010681152344
			},
			"C122620_1-hole_2": {
				"CenterX": 364.5110778808594,
				"CenterY": 416.9622497558594,
				"CenterZ": -55.00010681152344
			},
			"C122620_2-hole_1": {
				"CenterX": 364.4327697753906,
				"CenterY": 415.4642639160156,
				"CenterZ": -215.0001983642578
			},
			"C122620_2-hole_2": {
				"CenterX": 364.5110778808594,
				"CenterY": 416.96221923828125,
				"CenterZ": -215.0001983642578
			},
			"part3_1-hole_3": {
				"CenterX": 383.2049865722656,
				"CenterY": 391.4516906738281,
				"CenterZ": -0.0001373291015625
			},
			"part6_1-hole_2": {
				"CenterX": 16.329986572265625,
				"CenterY": 410.6800231933594,
				"CenterZ": 64.99998474121094
			},
			"part6_1-hole_5": {
				"CenterX": 383.21002197265625,
				"CenterY": 391.4599914550781,
				"CenterZ": 29.99994659423828
			},
			"part6_1-hole_9": {
				"CenterX": 444.35009765625,
				"CenterY": 860.2200317382812,
				"CenterZ": 30.00005340576172
			},
			"C122620_3-hole_1": {
				"CenterX": 37.50984573364258,
				"CenterY": 432.6004333496094,
				"CenterZ": -247.0001678466797
			},
			"C122620_3-hole_2": {
				"CenterX": 37.588584899902344,
				"CenterY": 434.0983581542969,
				"CenterZ": -247.0001678466797
			},
			"C122620_4-hole_1": {
				"CenterX": 37.50984573364258,
				"CenterY": 432.60040283203125,
				"CenterZ": -23.000076293945312
			},
			"C122620_4-hole_2": {
				"CenterX": 37.588584899902344,
				"CenterY": 434.09832763671875,
				"CenterZ": -23.000076293945312
			},
			"part2_1-hole_4": {
				"CenterX": 16.3300724029541,
				"CenterY": 410.6819763183594,
				"CenterZ": 34.99989318847656
			},
			"part4_1-hole_6": {
				"CenterX": 444.4014892578125,
				"CenterY": 860.2079467773438,
				"CenterZ": -3.0517578125e-05
			}
		}
	}
}
