{
	"File_name": "step2",
	"data": {
		"PartName": "step2.STL",
		"MinPointX": -1.52587890625e-05,
		"MinPointY": -6.103515625e-05,
		"MinPointZ": -285.000244140625,
		"MaxPointX": 464.6700439453125,
		"MaxPointY": 900.5700073242188,
		"MaxPointZ": 64.99995422363281,
		"SizeToAxisX": 464.67005920410156,
		"SizeToAxisY": 900.570068359375,
		"SizeToAxisZ": 350.0001983642578,
		"CenterPointX": 232.33501434326172,
		"CenterPointY": 450.28497314453125,
		"CenterPointZ": -110.0001449584961,
		"hole": {
			"C122620_1-hole_1": {
				"CenterX": 364.4327697753906,
				"CenterY": 415.46429443359375,
				"CenterZ": -55.00010681152344
			},
			"C122620_1-hole_2": {
				"CenterX": 364.5110778808594,
				"CenterY": 416.9622497558594,
				"CenterZ": -55.00010681152344
			},
			"C122620_2-hole_1": {
				"CenterX": 364.4327697753906,
				"CenterY": 415.4642639160156,
				"CenterZ": -215.0001983642578
			},
			"C122620_2-hole_2": {
				"CenterX": 364.5110778808594,
				"CenterY": 416.96221923828125,
				"CenterZ": -215.0001983642578
			},
			"part2_1-hole_1": {
				"CenterX": 384.04010009765625,
				"CenterY": 407.4299011230469,
				"CenterZ": -0.0001068115234375
			},
			"part2_1-hole_2": {
				"CenterX": 384.0401611328125,
				"CenterY": 407.4298400878906,
				"CenterZ": -270.00018310546875
			},
			"part2_1-hole_3": {
				"CenterX": 383.2049865722656,
				"CenterY": 391.4516906738281,
				"CenterZ": -0.0001373291015625
			},
			"part2_1-hole_4": {
				"CenterX": 383.2049865722656,
				"CenterY": 391.4516296386719,
				"CenterZ": -270.00018310546875
			},
			"part2_1-hole_5": {
				"CenterX": 382.36981201171875,
				"CenterY": 375.4734802246094,
				"CenterZ": -0.0001373291015625
			},
			"part2_1-hole_6": {
				"CenterX": 382.36981201171875,
				"CenterY": 375.47344970703125,
				"CenterZ": -270.00018310546875
			},
			"part2_1-hole_7": {
				"CenterX": 373.9754943847656,
				"CenterY": 406.4538879394531,
				"CenterZ": -55.00013732910156
			},
			"part2_1-hole_8": {
				"CenterX": 373.9754943847656,
				"CenterY": 406.453857421875,
				"CenterZ": -215.0001678466797
			},
			"part6_1-hole_1": {
				"CenterX": 15.489974975585938,
				"CenterY": 394.70001220703125,
				"CenterZ": 34.99998474121094
			},
			"part6_1-hole_2": {
				"CenterX": 16.329986572265625,
				"CenterY": 410.6800231933594,
				"CenterZ": 64.99998474121094
			},
			"part6_1-hole_3": {
				"CenterX": 17.16998291015625,
				"CenterY": 426.65997314453125,
				"CenterZ": 34.99997329711914
			},
			"part6_1-hole_4": {
				"CenterX": 382.37005615234375,
				"CenterY": 375.47998046875,
				"CenterZ": -3.0517578125e-05
			},
			"part6_1-hole_5": {
				"CenterX": 383.21002197265625,
				"CenterY": 391.4599914550781,
				"CenterZ": 29.99994659423828
			},
			"part6_1-hole_6": {
				"CenterX": 384.0400390625,
				"CenterY": 407.4299621582031,
				"CenterZ": -4.1961669921875e-05
			},
			"part6_1-hole_7": {
				"CenterX": 408.2400207519531,
				"CenterY": 567.3900146484375,
				"CenterZ": -4.1961669921875e-05
			},
			"part6_1-hole_8": {
				"CenterX": 442.1201171875,
				"CenterY": 844.3699951171875,
				"CenterZ": -3.4332275390625e-05
			},
			"part6_1-hole_9": {
				"CenterX": 444.35009765625,
				"CenterY": 860.2200317382812,
				"CenterZ": 30.00005340576172
			},
			"part6_1-hole_10": {
				"CenterX": 446.5800476074219,
				"CenterY": 876.06005859375,
				"CenterZ": -3.0517578125e-05
			}
		}
	}
}
