{
	"File_name": "step4",
	"data": {
		"PartName": "step4.STL",
		"MinPointX": 371.9139404296875,
		"MinPointY": 367.0143127441406,
		"MinPointZ": 65.00009155273438,
		"MaxPointX": 394.49664306640625,
		"MaxPointY": 415.9021301269531,
		"MaxPointZ": 335.0001525878906,
		"SizeToAxisX": 22.58270263671875,
		"SizeToAxisY": 48.8878173828125,
		"SizeToAxisZ": 270.00006103515625,
		"CenterPointX": 383.2052917480469,
		"CenterPointY": 391.4582214355469,
		"CenterPointZ": 200.0001220703125,
		"hole": {
			"part4_1-hole_1": {
				"CenterX": 5.837801456451416,
				"CenterY": 115.82620239257812,
				"CenterZ": 30.000030517578125
			},
			"part4_1-hole_2": {
				"CenterX": 5.83784294128418,
				"CenterY": 115.82618713378906,
				"CenterZ": 300.00006103515625
			},
			"part4_1-hole_3": {
				"CenterX": 15.490242958068848,
				"CenterY": 394.7040100097656,
				"CenterZ": 30.000015258789062
			},
			"part4_1-hole_4": {
				"CenterX": 15.4902925491333,
				"CenterY": 394.70404052734375,
				"CenterZ": 300.00006103515625
			},
			"part4_1-hole_5": {
				"CenterX": 16.330142974853516,
				"CenterY": 410.68194580078125,
				"CenterZ": 30.000015258789062
			},
			"part4_1-hole_6": {
				"CenterX": 16.330181121826172,
				"CenterY": 410.68194580078125,
				"CenterZ": 300.00006103515625
			},
			"part4_1-hole_7": {
				"CenterX": 17.17003059387207,
				"CenterY": 426.6600341796875,
				"CenterZ": 30.0
			},
			"part4_1-hole_8": {
				"CenterX": 17.17007064819336,
				"CenterY": 426.659912109375,
				"CenterZ": 300.00006103515625
			},
			"part5_1-hole_1": {
				"CenterX": 15.490036010742188,
				"CenterY": 394.70001220703125,
				"CenterZ": 30.000003814697266
			},
			"part5_1-hole_2": {
				"CenterX": 16.330032348632812,
				"CenterY": 410.67999267578125,
				"CenterZ": 2.288818359375e-05
			},
			"part5_1-hole_3": {
				"CenterX": 17.170028686523438,
				"CenterY": 426.65997314453125,
				"CenterZ": 30.000019073486328
			},
			"part5_1-hole_4": {
				"CenterX": 382.3700866699219,
				"CenterY": 375.4800720214844,
				"CenterZ": 65.00003814697266
			},
			"part5_1-hole_5": {
				"CenterX": 383.21002197265625,
				"CenterY": 391.4599914550781,
				"CenterZ": 35.0000114440918
			},
			"part5_1-hole_6": {
				"CenterX": 384.0400390625,
				"CenterY": 407.42999267578125,
				"CenterZ": 65.00000762939453
			},
			"part5_1-hole_7": {
				"CenterX": 408.2400207519531,
				"CenterY": 567.3900756835938,
				"CenterZ": 65.00001525878906
			},
			"part5_1-hole_8": {
				"CenterX": 442.1199645996094,
				"CenterY": 844.3699951171875,
				"CenterZ": 65.00001525878906
			},
			"part5_1-hole_9": {
				"CenterX": 444.35003662109375,
				"CenterY": 860.219970703125,
				"CenterZ": 35.000022888183594
			},
			"part5_1-hole_10": {
				"CenterX": 446.5800476074219,
				"CenterY": 876.0599975585938,
				"CenterZ": 65.00007629394531
			},
			"C122620_2-hole_1": {
				"CenterX": 364.43310546875,
				"CenterY": 415.4708251953125,
				"CenterZ": 280.00018310546875
			},
			"C122620_2-hole_2": {
				"CenterX": 364.51141357421875,
				"CenterY": 416.9687805175781,
				"CenterZ": 280.00018310546875
			},
			"C122620_1-hole_1": {
				"CenterX": 364.4330749511719,
				"CenterY": 415.4708557128906,
				"CenterZ": 120.00009155273438
			},
			"C122620_1-hole_2": {
				"CenterX": 364.5113830566406,
				"CenterY": 416.96881103515625,
				"CenterZ": 120.00009155273438
			},
			"part3_1-hole_1": {
				"CenterX": 384.0404968261719,
				"CenterY": 407.4363708496094,
				"CenterZ": 335.00018310546875
			},
			"part3_1-hole_2": {
				"CenterX": 384.0404357910156,
				"CenterY": 407.43646240234375,
				"CenterZ": 65.00006103515625
			},
			"part3_1-hole_3": {
				"CenterX": 383.205322265625,
				"CenterY": 391.45819091796875,
				"CenterZ": 335.00018310546875
			},
			"part3_1-hole_4": {
				"CenterX": 383.20526123046875,
				"CenterY": 391.458251953125,
				"CenterZ": 65.00006103515625
			},
			"part3_1-hole_5": {
				"CenterX": 382.3701477050781,
				"CenterY": 375.47998046875,
				"CenterZ": 335.00018310546875
			},
			"part3_1-hole_6": {
				"CenterX": 382.37005615234375,
				"CenterY": 375.48004150390625,
				"CenterZ": 65.00004577636719
			},
			"part3_1-hole_7": {
				"CenterX": 373.9757995605469,
				"CenterY": 406.4604187011719,
				"CenterZ": 280.00018310546875
			},
			"part3_1-hole_8": {
				"CenterX": 373.97576904296875,
				"CenterY": 406.46044921875,
				"CenterZ": 120.00006866455078
			}
		}
	}
}