{
	"File_name": "step5",
	"data": {
		"PartName": "step5.STL",
		"MinPointX": -1.52587890625e-05,
		"MinPointY": -6.103515625e-05,
		"MinPointZ": -335.0001525878906,
		"MaxPointX": 464.670166015625,
		"MaxPointY": 900.572021484375,
		"MaxPointZ": 64.99995422363281,
		"SizeToAxisX": 464.67018127441406,
		"SizeToAxisY": 900.5720825195312,
		"SizeToAxisZ": 400.00010681152344,
		"CenterPointX": 232.33507537841797,
		"CenterPointY": 450.2859802246094,
		"CenterPointZ": -135.0000991821289,
		"hole": {
			"C122620_1-hole_1": {
				"CenterX": 364.4327697753906,
				"CenterY": 415.46429443359375,
				"CenterZ": -55.00010681152344
			},
			"C122620_1-hole_2": {
				"CenterX": 364.5110778808594,
				"CenterY": 416.9622497558594,
				"CenterZ": -55.00010681152344
			},
			"C122620_2-hole_1": {
				"CenterX": 364.4327697753906,
				"CenterY": 415.4642639160156,
				"CenterZ": -215.0001983642578
			},
			"C122620_2-hole_2": {
				"CenterX": 364.5110778808594,
				"CenterY": 416.96221923828125,
				"CenterZ": -215.0001983642578
			}
		}
	}
}
