{
	"File_name": "step3",
	"data": {
		"PartName": "step3.STL",
		"MinPointX": -1.52587890625e-05,
		"MinPointY": -6.103515625e-05,
		"MinPointZ": -320.0001220703125,
		"MaxPointX": 464.6700439453125,
		"MaxPointY": 900.5700073242188,
		"MaxPointZ": 64.99995422363281,
		"SizeToAxisX": 464.67005920410156,
		"SizeToAxisY": 900.570068359375,
		"SizeToAxisZ": 385.0000762939453,
		"CenterPointX": 232.33501434326172,
		"CenterPointY": 450.28497314453125,
		"CenterPointZ": -127.50008392333984,
		"hole": {
			"C122620_1-hole_1": {
				"CenterX": 37.50986099243164,
				"CenterY": 432.6004638671875,
				"CenterZ": -23.000045776367188
			},
			"C122620_1-hole_2": {
				"CenterX": 37.588600158691406,
				"CenterY": 434.098388671875,
				"CenterZ": -23.000045776367188
			},
			"C122620_2-hole_1": {
				"CenterX": 37.50986099243164,
				"CenterY": 432.6004943847656,
				"CenterZ": -247.00013732910156
			},
			"C122620_2-hole_2": {
				"CenterX": 37.588600158691406,
				"CenterY": 434.0984191894531,
				"CenterZ": -247.00013732910156
			},
			"part2_1-hole_3": {
				"CenterX": 16.330089569091797,
				"CenterY": 410.6820373535156,
				"CenterZ": -305.0000915527344
			},
			"part6_1-hole_2": {
				"CenterX": 16.329986572265625,
				"CenterY": 410.6800231933594,
				"CenterZ": 64.99998474121094
			},
			"part6_1-hole_5": {
				"CenterX": 383.21002197265625,
				"CenterY": 391.4599914550781,
				"CenterZ": 29.99994659423828
			},
			"part6_1-hole_7": {
				"CenterX": 408.2400207519531,
				"CenterY": 567.3900146484375,
				"CenterZ": -4.1961669921875e-05
			},
			"part6_1-hole_8": {
				"CenterX": 442.1201171875,
				"CenterY": 844.3699951171875,
				"CenterZ": -3.4332275390625e-05
			},
			"part6_1-hole_9": {
				"CenterX": 444.35009765625,
				"CenterY": 860.2200317382812,
				"CenterZ": 30.00005340576172
			},
			"part6_1-hole_10": {
				"CenterX": 446.5800476074219,
				"CenterY": 876.06005859375,
				"CenterZ": -3.0517578125e-05
			},
			"part4_1-hole_1": {
				"CenterX": 403.59674072265625,
				"CenterY": 685.7949829101562,
				"CenterZ": -0.0001220703125
			},
			"part4_1-hole_2": {
				"CenterX": 403.59674072265625,
				"CenterY": 685.794921875,
				"CenterZ": -270.0001220703125
			},
			"part4_1-hole_6": {
				"CenterX": 383.20513916015625,
				"CenterY": 391.45806884765625,
				"CenterZ": -270.00006103515625
			}
		}
	}
}