{
	"File_name": "step9_b",
	"data": {
		"PartName": "step9_b.STL",
		"MinPointX": -5.7415313720703125,
		"MinPointY": -6.103515625e-05,
		"MinPointZ": -353.71014404296875,
		"MaxPointX": 464.670166015625,
		"MaxPointY": 900.572021484375,
		"MaxPointZ": 81.70991516113281,
		"SizeToAxisX": 470.4116973876953,
		"SizeToAxisY": 900.5720825195312,
		"SizeToAxisZ": 435.42005920410156,
		"CenterPointX": 229.46431732177734,
		"CenterPointY": 450.2859802246094,
		"CenterPointZ": -136.00011444091797,
		"hole": {
			"C122620_1-hole_2": {
				"CenterX": 364.5110778808594,
				"CenterY": 416.9622497558594,
				"CenterZ": -55.00010681152344
			},
			"C122620_2-hole_2": {
				"CenterX": 364.5110778808594,
				"CenterY": 416.96221923828125,
				"CenterZ": -215.0001983642578
			},
			"part1_1-hole_1": {
				"CenterX": 364.517333984375,
				"CenterY": 416.9131164550781,
				"CenterZ": -215.00013732910156
			},
			"part1_1-hole_2": {
				"CenterX": 364.517333984375,
				"CenterY": 416.9131164550781,
				"CenterZ": -57.00011444091797
			},
			"part1_1-hole_3": {
				"CenterX": 37.58860778808594,
				"CenterY": 434.0982971191406,
				"CenterZ": -247.00018310546875
			},
			"part1_1-hole_4": {
				"CenterX": 37.58863830566406,
				"CenterY": 434.0983581542969,
				"CenterZ": -25.000091552734375
			}
		}
	}
}