{
	"File_name": "step6",
	"data": {
		"PartName": "step6.STL",
		"MinPointX": -1.52587890625e-05,
		"MinPointY": -6.103515625e-05,
		"MinPointZ": -335.0001525878906,
		"MaxPointX": 464.670166015625,
		"MaxPointY": 900.572021484375,
		"MaxPointZ": 64.99995422363281,
		"SizeToAxisX": 464.67018127441406,
		"SizeToAxisY": 900.5720825195312,
		"SizeToAxisZ": 400.00010681152344,
		"CenterPointX": 232.33507537841797,
		"CenterPointY": 450.2859802246094,
		"CenterPointZ": -135.0000991821289,
		"hole": {
			"C122620_1_hole_1": {
				"CenterX": 37.50984573364258,
				"CenterY": 432.6004333496094,
				"CenterZ": -247.0001678466797
			},
			"C122620_1_hole_2": {
				"CenterX": 37.588584899902344,
				"CenterY": 434.0983581542969,
				"CenterZ": -247.0001678466797
			},
			"C122620_2_hole_1": {
				"CenterX": 37.50984573364258,
				"CenterY": 432.60040283203125,
				"CenterZ": -23.000076293945312
			},
			"C122620_2_hole_2": {
				"CenterX": 37.588584899902344,
				"CenterY": 434.09832763671875,
				"CenterZ": -23.000076293945312
			}
		}
	}
}
