{
	"File_name": "step4",
	"data": {
		"PartName": "step4.STL",
		"MinPointX": -1.52587890625e-05,
		"MinPointY": -6.103515625e-05,
		"MinPointZ": -320.00018310546875,
		"MaxPointX": 464.6700439453125,
		"MaxPointY": 900.5700073242188,
		"MaxPointZ": 64.99995422363281,
		"SizeToAxisX": 464.67005920410156,
		"SizeToAxisY": 900.570068359375,
		"SizeToAxisZ": 385.00013732910156,
		"CenterPointX": 232.33501434326172,
		"CenterPointY": 450.28497314453125,
		"CenterPointZ": -127.50011444091797,
		"hole": {
			"part3_1_hole_4": {
				"CenterX": 383.2049865722656,
				"CenterY": 391.4516296386719,
				"CenterZ": -270.00018310546875
			},
			"part6_1_hole_2": {
				"CenterX": 16.329986572265625,
				"CenterY": 410.6800231933594,
				"CenterZ": 64.99998474121094
			},
			"part6_1_hole_5": {
				"CenterX": 383.21002197265625,
				"CenterY": 391.4599914550781,
				"CenterZ": 29.99994659423828
			},
			"part6_1_hole_9": {
				"CenterX": 444.35009765625,
				"CenterY": 860.2200317382812,
				"CenterZ": 30.00005340576172
			},
			"C122620_1_hole_1": {
				"CenterX": 37.50984573364258,
				"CenterY": 432.6004333496094,
				"CenterZ": -247.0001678466797
			},
			"C122620_1_hole_2": {
				"CenterX": 37.588584899902344,
				"CenterY": 434.0983581542969,
				"CenterZ": -247.0001678466797
			},
			"C122620_2_hole_1": {
				"CenterX": 37.50984573364258,
				"CenterY": 432.60040283203125,
				"CenterZ": -23.000076293945312
			},
			"C122620_2_hole_2": {
				"CenterX": 37.588584899902344,
				"CenterY": 434.09832763671875,
				"CenterZ": -23.000076293945312
			},
			"part2_1_hole_3": {
				"CenterX": 16.330074310302734,
				"CenterY": 410.6819763183594,
				"CenterZ": -305.0001220703125
			},
			"part2_1_hole_4": {
				"CenterX": 16.3300724029541,
				"CenterY": 410.6819763183594,
				"CenterZ": 34.99989318847656
			},
			"part4_1_hole_5": {
				"CenterX": 444.4014892578125,
				"CenterY": 860.2080078125,
				"CenterZ": -270.0000305175781
			},
			"part4_1_hole_6": {
				"CenterX": 444.4014892578125,
				"CenterY": 860.2079467773438,
				"CenterZ": -3.0517578125e-05
			}
		}
	}
}
