{
	"File_name": "step5",
	"data": {
		"PartName": "step5.STL",
		"MinPointX": -1.52587890625e-05,
		"MinPointY": -6.103515625e-05,
		"MinPointZ": -335.0001220703125,
		"MaxPointX": 464.670166015625,
		"MaxPointY": 900.572021484375,
		"MaxPointZ": 64.99995422363281,
		"SizeToAxisX": 464.67018127441406,
		"SizeToAxisY": 900.5720825195312,
		"SizeToAxisZ": 400.0000762939453,
		"CenterPointX": 232.33507537841797,
		"CenterPointY": 450.2859802246094,
		"CenterPointZ": -135.00008392333984,
		"hole": {
			"C122620_1-hole_1": {
				"CenterX": 37.50986099243164,
				"CenterY": 432.6004638671875,
				"CenterZ": -23.000045776367188
			},
			"C122620_1-hole_2": {
				"CenterX": 37.588600158691406,
				"CenterY": 434.098388671875,
				"CenterZ": -23.000045776367188
			},
			"C122620_2-hole_1": {
				"CenterX": 37.50986099243164,
				"CenterY": 432.6004943847656,
				"CenterZ": -247.00013732910156
			},
			"C122620_2-hole_2": {
				"CenterX": 37.588600158691406,
				"CenterY": 434.0984191894531,
				"CenterZ": -247.00013732910156
			},
			"part2_1-hole_1": {
				"CenterX": 17.169981002807617,
				"CenterY": 426.6600036621094,
				"CenterZ": -305.0000915527344
			},
			"part2_1-hole_2": {
				"CenterX": 17.169984817504883,
				"CenterY": 426.65997314453125,
				"CenterZ": 34.99993896484375
			},
			"part2_1-hole_3": {
				"CenterX": 16.330089569091797,
				"CenterY": 410.6820373535156,
				"CenterZ": -305.0000915527344
			},
			"part2_1-hole_4": {
				"CenterX": 16.330087661743164,
				"CenterY": 410.6820373535156,
				"CenterZ": 34.99992370605469
			},
			"part2_1-hole_5": {
				"CenterX": 15.490198135375977,
				"CenterY": 394.7041015625,
				"CenterZ": -305.0000915527344
			},
			"part2_1-hole_6": {
				"CenterX": 15.49019718170166,
				"CenterY": 394.7040710449219,
				"CenterZ": 34.99992370605469
			},
			"part2_1-hole_7": {
				"CenterX": 27.077449798583984,
				"CenterY": 424.6371154785156,
				"CenterZ": -247.00010681152344
			},
			"part2_1-hole_8": {
				"CenterX": 27.077449798583984,
				"CenterY": 424.6371154785156,
				"CenterZ": -23.000076293945312
			},
			"part6_1-hole_1": {
				"CenterX": 15.489974975585938,
				"CenterY": 394.70001220703125,
				"CenterZ": 34.99998474121094
			},
			"part6_1-hole_2": {
				"CenterX": 16.329986572265625,
				"CenterY": 410.6800231933594,
				"CenterZ": 64.99998474121094
			},
			"part6_1-hole_3": {
				"CenterX": 17.16998291015625,
				"CenterY": 426.65997314453125,
				"CenterZ": 34.99997329711914
			},
			"part6_1-hole_4": {
				"CenterX": 382.37005615234375,
				"CenterY": 375.47998046875,
				"CenterZ": -3.0517578125e-05
			},
			"part6_1-hole_5": {
				"CenterX": 383.21002197265625,
				"CenterY": 391.4599914550781,
				"CenterZ": 29.99994659423828
			},
			"part6_1-hole_6": {
				"CenterX": 384.0400390625,
				"CenterY": 407.4299621582031,
				"CenterZ": -4.1961669921875e-05
			},
			"part6_1-hole_7": {
				"CenterX": 408.2400207519531,
				"CenterY": 567.3900146484375,
				"CenterZ": -4.1961669921875e-05
			},
			"part6_1-hole_8": {
				"CenterX": 442.1201171875,
				"CenterY": 844.3699951171875,
				"CenterZ": -3.4332275390625e-05
			},
			"part6_1-hole_9": {
				"CenterX": 444.35009765625,
				"CenterY": 860.2200317382812,
				"CenterZ": 30.00005340576172
			},
			"part6_1-hole_10": {
				"CenterX": 446.5800476074219,
				"CenterY": 876.06005859375,
				"CenterZ": -3.0517578125e-05
			},
			"part4_1-hole_1": {
				"CenterX": 403.59674072265625,
				"CenterY": 685.7949829101562,
				"CenterZ": -0.0001220703125
			},
			"part4_1-hole_2": {
				"CenterX": 403.59674072265625,
				"CenterY": 685.794921875,
				"CenterZ": -270.0001220703125
			},
			"part4_1-hole_3": {
				"CenterX": 384.04034423828125,
				"CenterY": 407.4363098144531,
				"CenterZ": -4.57763671875e-05
			},
			"part4_1-hole_4": {
				"CenterX": 384.0403137207031,
				"CenterY": 407.436279296875,
				"CenterZ": -270.00006103515625
			},
			"part4_1-hole_5": {
				"CenterX": 383.2051696777344,
				"CenterY": 391.4581298828125,
				"CenterZ": -6.103515625e-05
			},
			"part4_1-hole_6": {
				"CenterX": 383.20513916015625,
				"CenterY": 391.45806884765625,
				"CenterZ": -270.00006103515625
			},
			"part4_1-hole_7": {
				"CenterX": 382.3699951171875,
				"CenterY": 375.47991943359375,
				"CenterZ": -4.57763671875e-05
			},
			"part4_1-hole_8": {
				"CenterX": 382.3699951171875,
				"CenterY": 375.4798889160156,
				"CenterZ": -270.0000915527344
			},
			"part5_1-hole_1": {
				"CenterX": 15.490081787109375,
				"CenterY": 394.7020263671875,
				"CenterZ": -305.00018310546875
			},
			"part5_1-hole_2": {
				"CenterX": 16.330062866210938,
				"CenterY": 410.6820068359375,
				"CenterZ": -335.0001525878906
			},
			"part5_1-hole_3": {
				"CenterX": 17.170074462890625,
				"CenterY": 426.6619873046875,
				"CenterZ": -305.0001525878906
			},
			"part5_1-hole_4": {
				"CenterX": 382.3701171875,
				"CenterY": 375.4820861816406,
				"CenterZ": -270.0001220703125
			},
			"part5_1-hole_5": {
				"CenterX": 383.2100830078125,
				"CenterY": 391.4620056152344,
				"CenterZ": -300.0001220703125
			},
			"part5_1-hole_6": {
				"CenterX": 384.04010009765625,
				"CenterY": 407.4320068359375,
				"CenterZ": -270.0001220703125
			},
			"part5_1-hole_7": {
				"CenterX": 408.2400817871094,
				"CenterY": 567.39208984375,
				"CenterZ": -270.0001525878906
			},
			"part5_1-hole_8": {
				"CenterX": 442.1199951171875,
				"CenterY": 844.3720092773438,
				"CenterZ": -270.0001525878906
			},
			"part5_1-hole_9": {
				"CenterX": 444.35009765625,
				"CenterY": 860.2219848632812,
				"CenterZ": -300.00018310546875
			},
			"part5_1-hole_10": {
				"CenterX": 446.58013916015625,
				"CenterY": 876.0620727539062,
				"CenterZ": -270.0001525878906
			}
		}
	}
}