{
  "part1": [
    -9.459066774297753e-08,
    -3.662649987745681e-07,
    4.018797426397214e-06
  ],
  "part2": [
    2.8153473863312684e-07,
    3.841745694899146e-07,
    8.724703661755484e-07
  ],
  "part3": [
    -7.782148713886272e-06,
    2.709092825625703e-07,
    -1.123400465985469e-06
  ],
  "part4": [
    -3.514652462399681e-07,
    2.2227441220934452e-08,
    1.4696685866510961e-05
  ],
  "part5": [
    -2.9654711397597566e-05,
    -1.3707837354104413e-07,
    -4.554178758553462e-06
  ],
  "part6": [
    -3.071969558732235e-06,
    -2.563014334100444e-07,
    -2.6179670840065228e-06
  ],
  "step1": [
    -1.205563239636831e-05,
    -1.4899556636810303,
    11.123106956481934
  ],
  "step2": [
    215.63815307617188,
    359.4757995605469,
    -2.9003360271453857
  ],
  "step3": [
    284.6534423828125,
    532.3176879882812,
    -39.10804748535156
  ],
  "step4": [
    276.07623291015625,
    464.409912109375,
    -135.6117401123047
  ],
  "step5": [
    275.8966979980469,
    465.0811462402344,
    -134.9952850341797
  ],
  "step6": [
    247.57937622070312,
    454.3321228027344,
    -135.32687377929688
  ],
  "step7": [
    247.57937622070312,
    454.3321228027344,
    -135.32687377929688
  ]
}