{
	"File_name": "step3",
	"data": {
		"PartName": "step3.STL",
		"MinPointX": 17.615917205810547,
		"MinPointY": 420.58734130859375,
		"MinPointZ": -257.00018310546875,
		"MaxPointX": 46.892154693603516,
		"MaxPointY": 435.14422607421875,
		"MaxPointZ": -237.0001983642578,
		"SizeToAxisX": 29.27623748779297,
		"SizeToAxisY": 14.556884765625,
		"SizeToAxisZ": 19.999984741210938,
		"CenterPointX": 32.25403594970703,
		"CenterPointY": 427.86578369140625,
		"CenterPointZ": -247.00019073486328,
		"hole": {
			"part4_1-hole_1": {
				"CenterX": 362.81365966796875,
				"CenterY": 97.12127685546875,
				"CenterZ": -4.57763671875e-05
			},
			"part4_1-hole_2": {
				"CenterX": 362.81365966796875,
				"CenterY": 97.12127685546875,
				"CenterZ": -270.00006103515625
			},
			"part4_1-hole_6": {
				"CenterX": 383.2052001953125,
				"CenterY": 391.45819091796875,
				"CenterZ": -270.00006103515625
			},
			"part6_1-hole_2": {
				"CenterX": 16.329986572265625,
				"CenterY": 410.6800231933594,
				"CenterZ": 64.99998474121094
			},
			"part6_1-hole_5": {
				"CenterX": 383.21002197265625,
				"CenterY": 391.4599914550781,
				"CenterZ": 29.99994659423828
			},
			"part6_1-hole_7": {
				"CenterX": 408.2400207519531,
				"CenterY": 567.3900146484375,
				"CenterZ": -4.1961669921875e-05
			},
			"part6_1-hole_8": {
				"CenterX": 442.1201171875,
				"CenterY": 844.3699951171875,
				"CenterZ": -3.4332275390625e-05
			},
			"part6_1-hole_9": {
				"CenterX": 444.35009765625,
				"CenterY": 860.2200317382812,
				"CenterZ": 30.00005340576172
			},
			"part6_1-hole_10": {
				"CenterX": 446.5800476074219,
				"CenterY": 876.06005859375,
				"CenterZ": -3.0517578125e-05
			},
			"C122620_3-hole_1": {
				"CenterX": 37.509639739990234,
				"CenterY": 432.5964050292969,
				"CenterZ": -23.00011444091797
			},
			"C122620_3-hole_2": {
				"CenterX": 37.58837890625,
				"CenterY": 434.0943298339844,
				"CenterZ": -23.00011444091797
			},
			"part2_1-hole_3": {
				"CenterX": 16.329818725585938,
				"CenterY": 410.677978515625,
				"CenterZ": -305.00018310546875
			},
			"C122620_4-hole_1": {
				"CenterX": 37.50960922241211,
				"CenterY": 432.596435546875,
				"CenterZ": -247.0001983642578
			},
			"C122620_4-hole_2": {
				"CenterX": 37.588348388671875,
				"CenterY": 434.0943603515625,
				"CenterZ": -247.0001983642578
			}
		}
	}
}