{
	"File_name": "step7",
	"data": {
		"PartName": "step7.STL",
		"MinPointX": 413.0402526855469,
		"MinPointY": 835.9552612304688,
		"MinPointZ": -225.00009155273438,
		"MaxPointX": 440.9357604980469,
		"MaxPointY": 853.0093383789062,
		"MaxPointZ": -205.00009155273438,
		"SizeToAxisX": 27.8955078125,
		"SizeToAxisY": 17.0540771484375,
		"SizeToAxisZ": 20.0,
		"CenterPointX": 426.9880065917969,
		"CenterPointY": 844.4822998046875,
		"CenterPointZ": -215.00009155273438,
		"hole": {
			"part1_1-hole_1": {
				"CenterX": 364.51904296875,
				"CenterY": 416.9151306152344,
				"CenterZ": -215.00015258789062
			},
			"part1_1-hole_2": {
				"CenterX": 364.51904296875,
				"CenterY": 416.9151306152344,
				"CenterZ": -57.00012969970703
			},
			"part5_1-hole_7": {
				"CenterX": 408.21435546875,
				"CenterY": 567.3912353515625,
				"CenterZ": -270.0000305175781
			},
			"part4_1-hole_1": {
				"CenterX": 362.81365966796875,
				"CenterY": 97.12127685546875,
				"CenterZ": -4.57763671875e-05
			},
			"part4_1-hole_2": {
				"CenterX": 362.81365966796875,
				"CenterY": 97.12127685546875,
				"CenterZ": -270.00006103515625
			},
			"part6_1-hole_7": {
				"CenterX": 408.2400207519531,
				"CenterY": 567.3900146484375,
				"CenterZ": -4.1961669921875e-05
			},
			"C122620_3-hole_1": {
				"CenterX": 37.509639739990234,
				"CenterY": 432.5964050292969,
				"CenterZ": -23.00011444091797
			},
			"C122620_3-hole_2": {
				"CenterX": 37.58837890625,
				"CenterY": 434.0943298339844,
				"CenterZ": -23.00011444091797
			},
			"C122620_4-hole_1": {
				"CenterX": 37.50960922241211,
				"CenterY": 432.596435546875,
				"CenterZ": -247.0001983642578
			},
			"C122620_4-hole_2": {
				"CenterX": 37.588348388671875,
				"CenterY": 434.0943603515625,
				"CenterZ": -247.0001983642578
			},
			"C122620_1-hole_1": {
				"CenterX": 421.3399658203125,
				"CenterY": 840.2279052734375,
				"CenterZ": -55.000022888183594
			},
			"C122620_1-hole_2": {
				"CenterX": 421.13092041015625,
				"CenterY": 838.7425537109375,
				"CenterZ": -55.000022888183594
			},
			"C122620_2-hole_1": {
				"CenterX": 421.3399658203125,
				"CenterY": 840.2279052734375,
				"CenterZ": -215.00009155273438
			},
			"C122620_2-hole_2": {
				"CenterX": 421.13092041015625,
				"CenterY": 838.7425537109375,
				"CenterZ": -215.00009155273438
			}
		}
	}
}