{
	"File_name": "step4",
	"data": {
		"PartName": "step4.STL",
		"MinPointX": 371.9139404296875,
		"MinPointY": 367.0143127441406,
		"MinPointZ": 65.00009155273438,
		"MaxPointX": 394.49664306640625,
		"MaxPointY": 415.9021301269531,
		"MaxPointZ": 335.0001525878906,
		"SizeToAxisX": 22.58270263671875,
		"SizeToAxisY": 48.8878173828125,
		"SizeToAxisZ": 270.00006103515625,
		"CenterPointX": 383.2052917480469,
		"CenterPointY": 391.4582214355469,
		"CenterPointZ": 200.0001220703125,
		"hole": {
			"part4_1-hole_1": {
				"CenterX": 5.837801456451416,
				"CenterY": 115.82620239257812,
				"CenterZ": 30.000030517578125
			},
			"part4_1-hole_2": {
				"CenterX": 5.83784294128418,
				"CenterY": 115.82618713378906,
				"CenterZ": 300.00006103515625
			},
			"part4_1-hole_6": {
				"CenterX": 16.330181121826172,
				"CenterY": 410.68194580078125,
				"CenterZ": 300.00006103515625
			},
			"part5_1-hole_2": {
				"CenterX": 16.330032348632812,
				"CenterY": 410.67999267578125,
				"CenterZ": 2.288818359375e-05
			},
			"part5_1-hole_5": {
				"CenterX": 383.21002197265625,
				"CenterY": 391.4599914550781,
				"CenterZ": 35.0000114440918
			},
			"part5_1-hole_8": {
				"CenterX": 442.1199645996094,
				"CenterY": 844.3699951171875,
				"CenterZ": 65.00001525878906
			},
			"part5_1-hole_9": {
				"CenterX": 444.35003662109375,
				"CenterY": 860.219970703125,
				"CenterZ": 35.000022888183594
			},
			"C122620_2-hole_1": {
				"CenterX": 364.43310546875,
				"CenterY": 415.4708251953125,
				"CenterZ": 280.00018310546875
			},
			"C122620_2-hole_2": {
				"CenterX": 364.51141357421875,
				"CenterY": 416.9687805175781,
				"CenterZ": 280.00018310546875
			},
			"C122620_1-hole_1": {
				"CenterX": 364.4330749511719,
				"CenterY": 415.4708557128906,
				"CenterZ": 120.00009155273438
			},
			"C122620_1-hole_2": {
				"CenterX": 364.5113830566406,
				"CenterY": 416.96881103515625,
				"CenterZ": 120.00009155273438
			},
			"part3_1-hole_3": {
				"CenterX": 383.205322265625,
				"CenterY": 391.45819091796875,
				"CenterZ": 335.00018310546875
			}
		}
	}
}