{
	"File_name": "step3",
	"data": {
		"PartName": "step3.STL",
		"MinPointX": 353.8460693359375,
		"MinPointY": 404.50201416015625,
		"MinPointZ": 270.0001220703125,
		"MaxPointX": 384.4837646484375,
		"MaxPointY": 415.9183349609375,
		"MaxPointZ": 290.0001220703125,
		"SizeToAxisX": 30.6376953125,
		"SizeToAxisY": 11.41632080078125,
		"SizeToAxisZ": 20.0,
		"CenterPointX": 369.1649169921875,
		"CenterPointY": 410.2101745605469,
		"CenterPointZ": 280.0001220703125,
		"hole": {
			"part4_1-hole_1": {
				"CenterX": 5.837805271148682,
				"CenterY": 115.82623291015625,
				"CenterZ": 30.000045776367188
			},
			"part4_1-hole_2": {
				"CenterX": 5.837830543518066,
				"CenterY": 115.82621765136719,
				"CenterZ": 300.00006103515625
			},
			"part4_1-hole_6": {
				"CenterX": 16.33016586303711,
				"CenterY": 410.6820068359375,
				"CenterZ": 300.00006103515625
			},
			"part5_1-hole_2": {
				"CenterX": 16.330032348632812,
				"CenterY": 410.67999267578125,
				"CenterZ": 2.288818359375e-05
			},
			"part5_1-hole_5": {
				"CenterX": 383.21002197265625,
				"CenterY": 391.4599914550781,
				"CenterZ": 35.0000114440918
			},
			"part5_1-hole_7": {
				"CenterX": 408.2400207519531,
				"CenterY": 567.3900756835938,
				"CenterZ": 65.00001525878906
			},
			"part5_1-hole_8": {
				"CenterX": 442.1199645996094,
				"CenterY": 844.3699951171875,
				"CenterZ": 65.00001525878906
			},
			"part5_1-hole_9": {
				"CenterX": 444.35003662109375,
				"CenterY": 860.219970703125,
				"CenterZ": 35.000022888183594
			},
			"part5_1-hole_10": {
				"CenterX": 446.5800476074219,
				"CenterY": 876.0599975585938,
				"CenterZ": 65.00007629394531
			},
			"C122620_1-hole_1": {
				"CenterX": 364.43267822265625,
				"CenterY": 415.4643859863281,
				"CenterZ": 120.00006103515625
			},
			"C122620_1-hole_2": {
				"CenterX": 364.510986328125,
				"CenterY": 416.96234130859375,
				"CenterZ": 120.00006103515625
			},
			"part3_1-hole_3": {
				"CenterX": 383.2049255371094,
				"CenterY": 391.45172119140625,
				"CenterZ": 335.0001525878906
			},
			"C122620_2-hole_1": {
				"CenterX": 364.4327087402344,
				"CenterY": 415.46435546875,
				"CenterZ": 280.0001220703125
			},
			"C122620_2-hole_2": {
				"CenterX": 364.5110168457031,
				"CenterY": 416.9623107910156,
				"CenterZ": 280.0001220703125
			}
		}
	}
}