{
	"File_name": "step6",
	"data": {
		"PartName": "step6.STL",
		"MinPointX": -353.710205078125,
		"MinPointY": -5.7415771484375,
		"MinPointZ": -0.008453369140625,
		"MaxPointX": 81.70986938476562,
		"MaxPointY": 464.6700439453125,
		"MaxPointZ": 900.5700073242188,
		"SizeToAxisX": 435.4200744628906,
		"SizeToAxisY": 470.41162109375,
		"SizeToAxisZ": 900.5784606933594,
		"CenterPointX": -136.0001678466797,
		"CenterPointY": 229.4642333984375,
		"CenterPointZ": 450.28077697753906,
		"hole": {
			"C122620_1-hole_1": {
				"CenterX": -215.00015258789062,
				"CenterY": 364.4327087402344,
				"CenterZ": 415.4642639160156
			},
			"C122620_1-hole_2": {
				"CenterX": -215.00015258789062,
				"CenterY": 364.5110168457031,
				"CenterZ": 416.96221923828125
			},
			"C122620_2-hole_1": {
				"CenterX": -55.00006866455078,
				"CenterY": 364.4327087402344,
				"CenterZ": 415.46429443359375
			},
			"C122620_2-hole_2": {
				"CenterX": -55.00006866455078,
				"CenterY": 364.5110168457031,
				"CenterZ": 416.9622497558594
			},
			"part3_1-hole_1": {
				"CenterX": -6.103515625e-05,
				"CenterY": 384.0400390625,
				"CenterZ": 407.4299011230469
			},
			"part3_1-hole_2": {
				"CenterX": -270.0001220703125,
				"CenterY": 384.04010009765625,
				"CenterZ": 407.4298400878906
			},
			"part3_1-hole_3": {
				"CenterX": -9.1552734375e-05,
				"CenterY": 383.2049255371094,
				"CenterZ": 391.4516906738281
			},
			"part3_1-hole_4": {
				"CenterX": -270.0001220703125,
				"CenterY": 383.2049255371094,
				"CenterZ": 391.4516296386719
			},
			"part3_1-hole_5": {
				"CenterX": -9.1552734375e-05,
				"CenterY": 382.3697509765625,
				"CenterZ": 375.4735107421875
			},
			"part3_1-hole_6": {
				"CenterX": -270.0001220703125,
				"CenterY": 382.3697509765625,
				"CenterZ": 375.47344970703125
			},
			"part3_1-hole_7": {
				"CenterX": -55.000091552734375,
				"CenterY": 373.9754333496094,
				"CenterZ": 406.4538879394531
			},
			"part3_1-hole_8": {
				"CenterX": -215.0001220703125,
				"CenterY": 373.9754333496094,
				"CenterZ": 406.453857421875
			},
			"part6_1-hole_1": {
				"CenterX": 34.99999237060547,
				"CenterY": 15.489959716796875,
				"CenterZ": 394.70001220703125
			},
			"part6_1-hole_2": {
				"CenterX": 64.99999237060547,
				"CenterY": 16.329986572265625,
				"CenterZ": 410.6800231933594
			},
			"part6_1-hole_3": {
				"CenterX": 34.99999237060547,
				"CenterY": 17.16998291015625,
				"CenterZ": 426.6600036621094
			},
			"part6_1-hole_4": {
				"CenterX": -3.814697265625e-06,
				"CenterY": 382.3700256347656,
				"CenterZ": 375.4800109863281
			},
			"part6_1-hole_5": {
				"CenterX": 29.999969482421875,
				"CenterY": 383.21002197265625,
				"CenterZ": 391.4599914550781
			},
			"part6_1-hole_6": {
				"CenterX": -3.0517578125e-05,
				"CenterY": 384.0400390625,
				"CenterZ": 407.4299621582031
			},
			"part6_1-hole_7": {
				"CenterX": -1.52587890625e-05,
				"CenterY": 408.239990234375,
				"CenterZ": 567.3900146484375
			},
			"part6_1-hole_8": {
				"CenterX": -3.0517578125e-05,
				"CenterY": 442.1200866699219,
				"CenterZ": 844.3700561523438
			},
			"part6_1-hole_9": {
				"CenterX": 30.000041961669922,
				"CenterY": 444.35009765625,
				"CenterZ": 860.2200927734375
			},
			"part6_1-hole_10": {
				"CenterX": 7.62939453125e-06,
				"CenterY": 446.58001708984375,
				"CenterZ": 876.06005859375
			},
			"C122620_3-hole_1": {
				"CenterX": -247.00021362304688,
				"CenterY": 37.50985336303711,
				"CenterZ": 432.6004943847656
			},
			"C122620_3-hole_2": {
				"CenterX": -247.00021362304688,
				"CenterY": 37.588592529296875,
				"CenterZ": 434.0984191894531
			},
			"part1_1-hole_1": {
				"CenterX": -215.0001983642578,
				"CenterY": 364.517333984375,
				"CenterZ": 416.9131774902344
			},
			"part1_1-hole_2": {
				"CenterX": -57.00016784667969,
				"CenterY": 364.517333984375,
				"CenterZ": 416.9131774902344
			},
			"part1_1-hole_3": {
				"CenterX": -247.000244140625,
				"CenterY": 37.58857727050781,
				"CenterZ": 434.0983581542969
			},
			"part1_1-hole_4": {
				"CenterX": -25.000152587890625,
				"CenterY": 37.58860778808594,
				"CenterZ": 434.0984191894531
			},
			"C122620_4-hole_1": {
				"CenterX": -23.000091552734375,
				"CenterY": 37.50985336303711,
				"CenterZ": 432.6004943847656
			},
			"C122620_4-hole_2": {
				"CenterX": -23.000091552734375,
				"CenterY": 37.588592529296875,
				"CenterZ": 434.0984191894531
			},
			"part2_1-hole_1": {
				"CenterX": -305.00018310546875,
				"CenterY": 17.169971466064453,
				"CenterZ": 426.65997314453125
			},
			"part2_1-hole_2": {
				"CenterX": 34.9998779296875,
				"CenterY": 17.169971466064453,
				"CenterZ": 426.65997314453125
			},
			"part2_1-hole_3": {
				"CenterX": -305.00018310546875,
				"CenterY": 16.330078125,
				"CenterZ": 410.6820373535156
			},
			"part2_1-hole_4": {
				"CenterX": 34.9998779296875,
				"CenterY": 16.330078125,
				"CenterZ": 410.6820373535156
			},
			"part2_1-hole_5": {
				"CenterX": -305.00018310546875,
				"CenterY": 15.490184783935547,
				"CenterZ": 394.7041015625
			},
			"part2_1-hole_6": {
				"CenterX": 34.9998779296875,
				"CenterY": 15.490184783935547,
				"CenterZ": 394.7041015625
			},
			"part2_1-hole_7": {
				"CenterX": -247.00018310546875,
				"CenterY": 27.077436447143555,
				"CenterZ": 424.6371154785156
			},
			"part2_1-hole_8": {
				"CenterX": -23.00012969970703,
				"CenterY": 27.07744026184082,
				"CenterZ": 424.6371154785156
			},
			"part4_1-hole_1": {
				"CenterX": -270.00018310546875,
				"CenterY": 408.2400817871094,
				"CenterZ": 567.3900756835938
			},
			"part4_1-hole_2": {
				"CenterX": -0.0001220703125,
				"CenterY": 408.24005126953125,
				"CenterZ": 567.3900756835938
			},
			"part4_1-hole_3": {
				"CenterX": -270.0001525878906,
				"CenterY": 442.1717224121094,
				"CenterZ": 844.3641967773438
			},
			"part4_1-hole_4": {
				"CenterX": -0.0001068115234375,
				"CenterY": 442.17169189453125,
				"CenterZ": 844.3641967773438
			},
			"part4_1-hole_5": {
				"CenterX": -270.0001525878906,
				"CenterY": 444.40155029296875,
				"CenterZ": 860.2080688476562
			},
			"part4_1-hole_6": {
				"CenterX": -9.1552734375e-05,
				"CenterY": 444.40155029296875,
				"CenterZ": 860.2080078125
			},
			"part4_1-hole_7": {
				"CenterX": -270.0001525878906,
				"CenterY": 446.63140869140625,
				"CenterZ": 876.0519409179688
			},
			"part4_1-hole_8": {
				"CenterX": -0.0001068115234375,
				"CenterY": 446.6313781738281,
				"CenterZ": 876.0518798828125
			},
			"part5_1-hole_1": {
				"CenterX": -305.00030517578125,
				"CenterY": 15.484939575195312,
				"CenterZ": 394.69158935546875
			},
			"part5_1-hole_2": {
				"CenterX": -335.0002746582031,
				"CenterY": 16.324935913085938,
				"CenterZ": 410.67156982421875
			},
			"part5_1-hole_3": {
				"CenterX": -305.00030517578125,
				"CenterY": 17.164947509765625,
				"CenterZ": 426.65155029296875
			},
			"part5_1-hole_4": {
				"CenterX": -270.0002746582031,
				"CenterY": 382.364990234375,
				"CenterZ": 375.4716796875
			},
			"part5_1-hole_5": {
				"CenterX": -300.00030517578125,
				"CenterY": 383.2049560546875,
				"CenterZ": 391.45159912109375
			},
			"part5_1-hole_6": {
				"CenterX": -270.00030517578125,
				"CenterY": 384.03497314453125,
				"CenterZ": 407.4216003417969
			},
			"part5_1-hole_7": {
				"CenterX": -270.0003356933594,
				"CenterY": 408.2349548339844,
				"CenterZ": 567.3817138671875
			},
			"part5_1-hole_8": {
				"CenterX": -270.0003662109375,
				"CenterY": 442.1148376464844,
				"CenterZ": 844.361572265625
			},
			"part5_1-hole_9": {
				"CenterX": -300.0003967285156,
				"CenterY": 444.3449401855469,
				"CenterZ": 860.211669921875
			},
			"part5_1-hole_10": {
				"CenterX": -270.0003662109375,
				"CenterY": 446.5749816894531,
				"CenterZ": 876.0516357421875
			}
		}
	}
}
