{
	"File_name": "step1",
	"data": {
		"PartName": "step1.STL",
		"MinPointX": -170.00003051757812,
		"MinPointY": -25.00000762939453,
		"MinPointZ": 0.0,
		"MaxPointX": 170.00006103515625,
		"MaxPointY": 25.00000762939453,
		"MaxPointZ": 20.00000762939453,
		"SizeToAxisX": 340.0000915527344,
		"SizeToAxisY": 50.00001525878906,
		"SizeToAxisZ": 20.00000762939453,
		"CenterPointX": 1.52587890625e-05,
		"CenterPointY": 0.0,
		"CenterPointZ": 10.000003814697266,
		"hole": {
			"C122620_2-hole_1": {
				"CenterX": 112.00003051757812,
				"CenterY": -23.00000762939453,
				"CenterZ": 30.000003814697266
			},
			"C122620_2-hole_2": {
				"CenterX": 112.00003051757812,
				"CenterY": -24.50000762939453,
				"CenterZ": 30.000003814697266
			},
			"C122620_1-hole_1": {
				"CenterX": -112.00003051757812,
				"CenterY": -23.00000762939453,
				"CenterZ": 30.000003814697266
			},
			"C122620_1-hole_2": {
				"CenterX": -112.00003051757812,
				"CenterY": -24.50000762939453,
				"CenterZ": 30.000003814697266
			},
			"part2_1-hole_1": {
				"CenterX": -170.00003051757812,
				"CenterY": -16.000003814697266,
				"CenterZ": 10.0
			},
			"part2_1-hole_2": {
				"CenterX": 170.00003051757812,
				"CenterY": -16.000003814697266,
				"CenterZ": 10.0
			},
			"part2_1-hole_3": {
				"CenterX": -170.00003051757812,
				"CenterY": 0.0,
				"CenterZ": 10.0
			},
			"part2_1-hole_4": {
				"CenterX": 170.00003051757812,
				"CenterY": 0.0,
				"CenterZ": 10.0
			},
			"part2_1-hole_5": {
				"CenterX": -170.00003051757812,
				"CenterY": 16.000003814697266,
				"CenterZ": 10.0
			},
			"part2_1-hole_6": {
				"CenterX": 170.00003051757812,
				"CenterY": 16.000003814697266,
				"CenterZ": 10.0
			}
		}
	}
}