{
  "File_name": "step4",
  "data": {
    "PartName": "step4.STL",
    "MinPointX": -1.52587890625e-5,
    "MinPointY": -6.103515625e-5,
    "MinPointZ": -335.0001220703125,
    "MaxPointX": 464.670166015625,
    "MaxPointY": 900.572021484375,
    "MaxPointZ": 64.99995422363281,
    "SizeToAxisX": 464.67018127441406,
    "SizeToAxisY": 900.5720825195312,
    "SizeToAxisZ": 400.0000762939453,
    "CenterPointX": 232.33507537841797,
    "CenterPointY": 450.2859802246094,
    "CenterPointZ": -135.00008392333984,
    "hole": {
      "C122620_1-hole_1": {
        "CenterX": 37.50986099243164,
        "CenterY": 432.6004638671875,
        "CenterZ": -23.000045776367188
      },
      "C122620_1-hole_2": {
        "CenterX": 37.588600158691406,
        "CenterY": 434.098388671875,
        "CenterZ": -23.000045776367188
      },
      "C122620_2-hole_1": {
        "CenterX": 37.50986099243164,
        "CenterY": 432.6004943847656,
        "CenterZ": -247.00013732910156
      },
      "C122620_2-hole_2": {
        "CenterX": 37.588600158691406,
        "CenterY": 434.0984191894531,
        "CenterZ": -247.00013732910156
      },
      "part6_1-hole_2": {
        "CenterX": 16.329986572265625,
        "CenterY": 410.6800231933594,
        "CenterZ": 64.99998474121094
      },
      "part6_1-hole_5": {
        "CenterX": 383.21002197265625,
        "CenterY": 391.4599914550781,
        "CenterZ": 29.99994659423828
      },
      "part6_1-hole_7": {
        "CenterX": 408.2400207519531,
        "CenterY": 567.3900146484375,
        "CenterZ": -4.1961669921875e-5
      },
      "part6_1-hole_8": {
        "CenterX": 442.1201171875,
        "CenterY": 844.3699951171875,
        "CenterZ": -3.4332275390625e-5
      },
      "part6_1-hole_9": {
        "CenterX": 444.35009765625,
        "CenterY": 860.2200317382812,
        "CenterZ": 30.00005340576172
      },
      "part6_1-hole_10": {
        "CenterX": 446.5800476074219,
        "CenterY": 876.06005859375,
        "CenterZ": -3.0517578125e-5
      },
      "part4_1-hole_1": {
        "CenterX": 403.59674072265625,
        "CenterY": 685.7949829101562,
        "CenterZ": -0.0001220703125
      },
      "part4_1-hole_2": {
        "CenterX": 403.59674072265625,
        "CenterY": 685.794921875,
        "CenterZ": -270.0001220703125
      },
      "part5_1-hole_7": {
        "CenterX": 408.2400817871094,
        "CenterY": 567.39208984375,
        "CenterZ": -270.0001525878906
      },
      "part5_1-hole_8": {
        "CenterX": 442.1199951171875,
        "CenterY": 844.3720092773438,
        "CenterZ": -270.0001525878906
      },
      "part5_1-hole_9": {
        "CenterX": 444.35009765625,
        "CenterY": 860.2219848632812,
        "CenterZ": -300.00018310546875
      },
      "part5_1-hole_10": {
        "CenterX": 446.58013916015625,
        "CenterY": 876.0620727539062,
        "CenterZ": -270.0001525878906
      }
    }
  }
}
