{
	"File_name": "step1_b",
	"data": {
		"PartName": "step1_b.STL",
		"MinPointX": -122.00003051757812,
		"MinPointY": -24.5000057220459,
		"MinPointZ": 9.999998092651367,
		"MaxPointX": -102.00003051757812,
		"MaxPointY": -11.500005722045898,
		"MaxPointZ": 40.00000762939453,
		"SizeToAxisX": 20.0,
		"SizeToAxisY": 13.0,
		"SizeToAxisZ": 30.000009536743164,
		"CenterPointX": -112.00003051757812,
		"CenterPointY": -18.0000057220459,
		"CenterPointZ": 25.00000286102295,
		"hole": {
			"C122620_3-hole_1": {
				"CenterX": 112.00003051757812,
				"CenterY": -23.00000762939453,
				"CenterZ": 30.000003814697266
			},
			"C122620_3-hole_2": {
				"CenterX": 112.00003051757812,
				"CenterY": -24.50000762939453,
				"CenterZ": 30.000003814697266
			},
			"part2_1-hole_1": {
				"CenterX": -170.00003051757812,
				"CenterY": -16.000003814697266,
				"CenterZ": 10.0
			},
			"part2_1-hole_2": {
				"CenterX": 170.00003051757812,
				"CenterY": -16.000003814697266,
				"CenterZ": 10.0
			},
			"part2_1-hole_3": {
				"CenterX": -170.00003051757812,
				"CenterY": 0.0,
				"CenterZ": 10.0
			},
			"part2_1-hole_4": {
				"CenterX": 170.00003051757812,
				"CenterY": 0.0,
				"CenterZ": 10.0
			},
			"part2_1-hole_5": {
				"CenterX": -170.00003051757812,
				"CenterY": 16.000003814697266,
				"CenterZ": 10.0
			},
			"part2_1-hole_6": {
				"CenterX": 170.00003051757812,
				"CenterY": 16.000003814697266,
				"CenterZ": 10.0
			},
			"part2_1-hole_7": {
				"CenterX": -112.00003051757812,
				"CenterY": -14.500003814697266,
				"CenterZ": 20.0
			},
			"part2_1-hole_8": {
				"CenterX": 112.00003051757812,
				"CenterY": -14.500003814697266,
				"CenterZ": 20.0
			},
			"C122620_4-hole_1": {
				"CenterX": -112.00003051757812,
				"CenterY": -23.00000762939453,
				"CenterZ": 30.000003814697266
			},
			"C122620_4-hole_2": {
				"CenterX": -112.00003051757812,
				"CenterY": -24.50000762939453,
				"CenterZ": 30.000003814697266
			}
		}
	}
}