{
	"File_name": "step4",
	"data": {
		"PartName": "step4.STL",
		"MinPointX": 413.0402526855469,
		"MinPointY": 835.9552612304688,
		"MinPointZ": -225.00009155273438,
		"MaxPointX": 440.9357604980469,
		"MaxPointY": 853.0093383789062,
		"MaxPointZ": -205.00009155273438,
		"SizeToAxisX": 27.8955078125,
		"SizeToAxisY": 17.0540771484375,
		"SizeToAxisZ": 20.0,
		"CenterPointX": 426.9880065917969,
		"CenterPointY": 844.4822998046875,
		"CenterPointZ": -215.00009155273438,
		"hole": {
			"part4_1-hole_1": {
				"CenterX": 362.81365966796875,
				"CenterY": 97.12127685546875,
				"CenterZ": -4.57763671875e-05
			},
			"part4_1-hole_2": {
				"CenterX": 362.81365966796875,
				"CenterY": 97.12127685546875,
				"CenterZ": -270.00006103515625
			},
			"part4_1-hole_3": {
				"CenterX": 382.3700256347656,
				"CenterY": 375.4800109863281,
				"CenterZ": -1.52587890625e-05
			},
			"part4_1-hole_4": {
				"CenterX": 382.3700256347656,
				"CenterY": 375.4799499511719,
				"CenterZ": -270.00006103515625
			},
			"part4_1-hole_5": {
				"CenterX": 383.2052001953125,
				"CenterY": 391.4581604003906,
				"CenterZ": -3.0517578125e-05
			},
			"part4_1-hole_6": {
				"CenterX": 383.2052001953125,
				"CenterY": 391.45819091796875,
				"CenterZ": -270.00006103515625
			},
			"part4_1-hole_7": {
				"CenterX": 384.0403747558594,
				"CenterY": 407.43634033203125,
				"CenterZ": -3.0517578125e-05
			},
			"part4_1-hole_8": {
				"CenterX": 384.04034423828125,
				"CenterY": 407.43634033203125,
				"CenterZ": -270.00006103515625
			},
			"part6_1-hole_1": {
				"CenterX": 15.489974975585938,
				"CenterY": 394.70001220703125,
				"CenterZ": 34.99998474121094
			},
			"part6_1-hole_2": {
				"CenterX": 16.329986572265625,
				"CenterY": 410.6800231933594,
				"CenterZ": 64.99998474121094
			},
			"part6_1-hole_3": {
				"CenterX": 17.16998291015625,
				"CenterY": 426.65997314453125,
				"CenterZ": 34.99997329711914
			},
			"part6_1-hole_4": {
				"CenterX": 382.37005615234375,
				"CenterY": 375.47998046875,
				"CenterZ": -3.0517578125e-05
			},
			"part6_1-hole_5": {
				"CenterX": 383.21002197265625,
				"CenterY": 391.4599914550781,
				"CenterZ": 29.99994659423828
			},
			"part6_1-hole_6": {
				"CenterX": 384.0400390625,
				"CenterY": 407.4299621582031,
				"CenterZ": -4.1961669921875e-05
			},
			"part6_1-hole_7": {
				"CenterX": 408.2400207519531,
				"CenterY": 567.3900146484375,
				"CenterZ": -4.1961669921875e-05
			},
			"part6_1-hole_8": {
				"CenterX": 442.1201171875,
				"CenterY": 844.3699951171875,
				"CenterZ": -3.4332275390625e-05
			},
			"part6_1-hole_9": {
				"CenterX": 444.35009765625,
				"CenterY": 860.2200317382812,
				"CenterZ": 30.00005340576172
			},
			"part6_1-hole_10": {
				"CenterX": 446.5800476074219,
				"CenterY": 876.06005859375,
				"CenterZ": -3.0517578125e-05
			},
			"C122620_3-hole_1": {
				"CenterX": 37.509639739990234,
				"CenterY": 432.5964050292969,
				"CenterZ": -23.00011444091797
			},
			"C122620_3-hole_2": {
				"CenterX": 37.58837890625,
				"CenterY": 434.0943298339844,
				"CenterZ": -23.00011444091797
			},
			"part2_1-hole_1": {
				"CenterX": 17.169710159301758,
				"CenterY": 426.65594482421875,
				"CenterZ": -305.00018310546875
			},
			"part2_1-hole_2": {
				"CenterX": 17.169769287109375,
				"CenterY": 426.6559143066406,
				"CenterZ": 34.999908447265625
			},
			"part2_1-hole_3": {
				"CenterX": 16.329818725585938,
				"CenterY": 410.677978515625,
				"CenterZ": -305.00018310546875
			},
			"part2_1-hole_4": {
				"CenterX": 16.329877853393555,
				"CenterY": 410.677978515625,
				"CenterZ": 34.999908447265625
			},
			"part2_1-hole_5": {
				"CenterX": 15.489927291870117,
				"CenterY": 394.7000427246094,
				"CenterZ": -305.00018310546875
			},
			"part2_1-hole_6": {
				"CenterX": 15.489967346191406,
				"CenterY": 394.6999816894531,
				"CenterZ": 35.0
			},
			"part2_1-hole_7": {
				"CenterX": 27.07719612121582,
				"CenterY": 424.633056640625,
				"CenterZ": -247.0001983642578
			},
			"part2_1-hole_8": {
				"CenterX": 27.07723617553711,
				"CenterY": 424.633056640625,
				"CenterZ": -23.000106811523438
			},
			"C122620_4-hole_1": {
				"CenterX": 37.50960922241211,
				"CenterY": 432.596435546875,
				"CenterZ": -247.0001983642578
			},
			"C122620_4-hole_2": {
				"CenterX": 37.588348388671875,
				"CenterY": 434.0943603515625,
				"CenterZ": -247.0001983642578
			},
			"part3_1-hole_1": {
				"CenterX": 442.1203918457031,
				"CenterY": 844.372314453125,
				"CenterZ": -270.00006103515625
			},
			"part3_1-hole_2": {
				"CenterX": 442.1203918457031,
				"CenterY": 844.3723754882812,
				"CenterZ": -4.57763671875e-05
			},
			"part3_1-hole_3": {
				"CenterX": 444.3502197265625,
				"CenterY": 860.2161865234375,
				"CenterZ": -270.00006103515625
			},
			"part3_1-hole_4": {
				"CenterX": 444.3502197265625,
				"CenterY": 860.2161865234375,
				"CenterZ": -4.57763671875e-05
			},
			"part3_1-hole_5": {
				"CenterX": 446.5800476074219,
				"CenterY": 876.0599975585938,
				"CenterZ": -270.00006103515625
			},
			"part3_1-hole_6": {
				"CenterX": 446.5800476074219,
				"CenterY": 876.06005859375,
				"CenterZ": -6.103515625e-05
			},
			"part3_1-hole_7": {
				"CenterX": 432.427001953125,
				"CenterY": 847.2513427734375,
				"CenterZ": -215.00006103515625
			},
			"part3_1-hole_8": {
				"CenterX": 432.427001953125,
				"CenterY": 847.2513427734375,
				"CenterZ": -55.00005340576172
			},
			"C122620_1-hole_1": {
				"CenterX": 421.3399658203125,
				"CenterY": 840.2279052734375,
				"CenterZ": -55.000022888183594
			},
			"C122620_1-hole_2": {
				"CenterX": 421.13092041015625,
				"CenterY": 838.7425537109375,
				"CenterZ": -55.000022888183594
			},
			"C122620_2-hole_1": {
				"CenterX": 421.3399658203125,
				"CenterY": 840.2279052734375,
				"CenterZ": -215.00009155273438
			},
			"C122620_2-hole_2": {
				"CenterX": 421.13092041015625,
				"CenterY": 838.7425537109375,
				"CenterZ": -215.00009155273438
			}
		}
	}
}