{
    "File_name": "step3",
    "data": {
        "PartName": "STEP3.STL",
		"MinPointX": 12.14959716796875,
		"MinPointY": 394.7064514160156,
		"MinPointZ": 34.9999885559082,
		"hole": {
			"C122620_1_hole_1": {
				"CenterX": 357.0019226074219,
				"CenterY": 413.3788757324219,
				"CenterZ": -55.000038146972656
			},
			"C122620_2_hole_1": {
				"CenterX": 357.001953125,
				"CenterY": 413.37884521484375,
				"CenterZ": -215.00013732910156
			},
			"part3_1_hole_1": {
				"CenterX": 377.34002685546875,
				"CenterY": 407.4324035644531,
				"CenterZ": -3.0517578125e-05
			},
			"part3_1_hole_2": {
				"CenterX": 377.340087890625,
				"CenterY": 407.43231201171875,
				"CenterZ": -270.0001220703125
			},
			"part3_1_hole_3": {
				"CenterX": 378.1752014160156,
				"CenterY": 391.4541931152344,
				"CenterZ": -6.103515625e-05
			},
			"part3_1_hole_4": {
				"CenterX": 378.1752624511719,
				"CenterY": 391.4541320800781,
				"CenterZ": -270.0001220703125
			},
			"part3_1_hole_5": {
				"CenterX": 379.0104064941406,
				"CenterY": 375.47601318359375,
				"CenterZ": -4.57763671875e-05
			},
			"part3_1_hole_6": {
				"CenterX": 379.01043701171875,
				"CenterY": 375.4759521484375,
				"CenterZ": -270.0001220703125
			},
			"part3_1_hole_7": {
				"CenterX": 367.4319763183594,
				"CenterY": 405.4124450683594,
				"CenterZ": -55.00006866455078
			},
			"part3_1_hole_8": {
				"CenterX": 367.4320068359375,
				"CenterY": 405.41241455078125,
				"CenterZ": -215.00010681152344
			},
			"part6_1_hole_1": {
				"CenterX": 8.789871215820312,
				"CenterY": 394.70245361328125,
				"CenterZ": 35.000003814697266
			},
			"part6_1_hole_2": {
				"CenterX": 9.629867553710938,
				"CenterY": 410.6824645996094,
				"CenterZ": 65.0
			},
			"part6_1_hole_3": {
				"CenterX": 10.469879150390625,
				"CenterY": 426.6624450683594,
				"CenterZ": 35.0
			},
			"part6_1_hole_4": {
				"CenterX": 375.66998291015625,
				"CenterY": 375.48248291015625,
				"CenterZ": 1.9073486328125e-05
			},
			"part6_1_hole_5": {
				"CenterX": 376.50994873046875,
				"CenterY": 391.46246337890625,
				"CenterZ": 29.999996185302734
			},
			"part6_1_hole_6": {
				"CenterX": 377.3399658203125,
				"CenterY": 407.43243408203125,
				"CenterZ": 3.814697265625e-06
			},
			"part6_1_hole_7": {
				"CenterX": 401.5399169921875,
				"CenterY": 567.392578125,
				"CenterZ": 3.814697265625e-06
			},
			"part6_1_hole_8": {
				"CenterX": 435.41998291015625,
				"CenterY": 844.37255859375,
				"CenterZ": -1.1444091796875e-05
			},
			"part6_1_hole_9": {
				"CenterX": 437.6500244140625,
				"CenterY": 860.2225952148438,
				"CenterZ": 30.000072479248047
			},
			"part6_1_hole_10": {
				"CenterX": 439.87994384765625,
				"CenterY": 876.0626220703125,
				"CenterZ": -7.62939453125e-06
			},
			"C122620_3_hole_1": {
				"CenterX": 30.07476806640625,
				"CenterY": 434.7025146484375,
				"CenterZ": -247.00010681152344
			},
			"C122620_4_hole_1": {
				"CenterX": 30.07476806640625,
				"CenterY": 434.7025451660156,
				"CenterZ": -23.000015258789062
			},
			"part2_1_hole_1": {
				"CenterX": 10.4697904586792,
				"CenterY": 426.66229248046875,
				"CenterZ": -305.00006103515625
			},
			"part2_1_hole_2": {
				"CenterX": 10.4697904586792,
				"CenterY": 426.66229248046875,
				"CenterZ": 34.99993896484375
			},
			"part2_1_hole_3": {
				"CenterX": 11.30968189239502,
				"CenterY": 410.6843566894531,
				"CenterZ": -305.00006103515625
			},
			"part2_1_hole_4": {
				"CenterX": 11.30968189239502,
				"CenterY": 410.6843566894531,
				"CenterZ": 34.99993896484375
			},
			"part2_1_hole_5": {
				"CenterX": 12.14957332611084,
				"CenterY": 394.7064208984375,
				"CenterZ": -305.00006103515625
			},
			"part2_1_hole_6": {
				"CenterX": 12.14957332611084,
				"CenterY": 394.7064208984375,
				"CenterZ": 34.99993896484375
			},
			"part2_1_hole_7": {
				"CenterX": 20.534740447998047,
				"CenterY": 425.6893005371094,
				"CenterZ": -247.0000762939453
			},
			"part2_1_hole_8": {
				"CenterX": 20.534740447998047,
				"CenterY": 425.6893005371094,
				"CenterZ": -23.000045776367188
			}
		}
	}
}
