{
    "File_name": "step4",
    "data": {
        "PartName": "STEP4.STL",
		"MinPointX": 444.3312072753906,
		"MinPointY": 875.553955078125,
		"MinPointZ": -4.57763671875e-05,
		"hole": {
			"C122620_1_hole_1": {
				"CenterX": 366.4206848144531,
				"CenterY": 412.2954406738281,
				"CenterZ": -54.99999237060547
			},
			"C122620_2_hole_1": {
				"CenterX": 366.420654296875,
				"CenterY": 412.2954406738281,
				"CenterZ": -215.00009155273438
			},
			"part3_1_hole_1": {
				"CenterX": 386.75885009765625,
				"CenterY": 406.3489990234375,
				"CenterZ": 0.0
			},
			"part3_1_hole_2": {
				"CenterX": 386.7587585449219,
				"CenterY": 406.3489685058594,
				"CenterZ": -270.00006103515625
			},
			"part3_1_hole_3": {
				"CenterX": 387.59405517578125,
				"CenterY": 390.37078857421875,
				"CenterZ": -3.0517578125e-05
			},
			"part3_1_hole_4": {
				"CenterX": 387.59393310546875,
				"CenterY": 390.37078857421875,
				"CenterZ": -270.00006103515625
			},
			"part3_1_hole_5": {
				"CenterX": 388.42926025390625,
				"CenterY": 374.3926086425781,
				"CenterZ": -1.52587890625e-05
			},
			"part3_1_hole_6": {
				"CenterX": 388.42913818359375,
				"CenterY": 374.3926086425781,
				"CenterZ": -270.00006103515625
			},
			"part3_1_hole_7": {
				"CenterX": 376.85076904296875,
				"CenterY": 404.32904052734375,
				"CenterZ": -55.000022888183594
			},
			"part3_1_hole_8": {
				"CenterX": 376.8507080078125,
				"CenterY": 404.32904052734375,
				"CenterZ": -215.00006103515625
			},
			"part6_1_hole_1": {
				"CenterX": 18.208816528320312,
				"CenterY": 393.6186828613281,
				"CenterZ": 35.0002555847168
			},
			"part6_1_hole_2": {
				"CenterX": 19.048828125,
				"CenterY": 409.5987243652344,
				"CenterZ": 65.0002670288086
			},
			"part6_1_hole_3": {
				"CenterX": 19.8887939453125,
				"CenterY": 425.57867431640625,
				"CenterZ": 35.00026321411133
			},
			"part6_1_hole_4": {
				"CenterX": 385.0888366699219,
				"CenterY": 374.39910888671875,
				"CenterZ": 8.0108642578125e-05
			},
			"part6_1_hole_5": {
				"CenterX": 385.9288330078125,
				"CenterY": 390.37908935546875,
				"CenterZ": 30.00005340576172
			},
			"part6_1_hole_6": {
				"CenterX": 386.7587890625,
				"CenterY": 406.34906005859375,
				"CenterZ": 5.340576171875e-05
			},
			"part6_1_hole_7": {
				"CenterX": 410.9585876464844,
				"CenterY": 566.3091430664062,
				"CenterZ": 5.7220458984375e-05
			},
			"part6_1_hole_8": {
				"CenterX": 444.83837890625,
				"CenterY": 843.2891845703125,
				"CenterZ": 5.340576171875e-05
			},
			"part6_1_hole_9": {
				"CenterX": 447.068359375,
				"CenterY": 859.13916015625,
				"CenterZ": 30.0001220703125
			},
			"part6_1_hole_10": {
				"CenterX": 449.29827880859375,
				"CenterY": 874.9791259765625,
				"CenterZ": 9.918212890625e-05
			},
			"C122620_3_hole_1": {
				"CenterX": 39.4935302734375,
				"CenterY": 433.618896484375,
				"CenterZ": -246.99984741210938
			},
			"C122620_4_hole_1": {
				"CenterX": 39.49363708496094,
				"CenterY": 433.618896484375,
				"CenterZ": -22.9997501373291
			},
			"part2_1_hole_1": {
				"CenterX": 19.888534545898438,
				"CenterY": 425.5786437988281,
				"CenterZ": -304.99981689453125
			},
			"part2_1_hole_2": {
				"CenterX": 19.888696670532227,
				"CenterY": 425.5786437988281,
				"CenterZ": 35.000213623046875
			},
			"part2_1_hole_3": {
				"CenterX": 20.728443145751953,
				"CenterY": 409.6007080078125,
				"CenterZ": -304.99981689453125
			},
			"part2_1_hole_4": {
				"CenterX": 20.728605270385742,
				"CenterY": 409.6007080078125,
				"CenterZ": 35.000213623046875
			},
			"part2_1_hole_5": {
				"CenterX": 21.56835174560547,
				"CenterY": 393.6227722167969,
				"CenterZ": -304.99981689453125
			},
			"part2_1_hole_6": {
				"CenterX": 21.568513870239258,
				"CenterY": 393.6227722167969,
				"CenterZ": 35.000213623046875
			},
			"part2_1_hole_7": {
				"CenterX": 29.953514099121094,
				"CenterY": 424.60565185546875,
				"CenterZ": -246.99981689453125
			},
			"part2_1_hole_8": {
				"CenterX": 29.95362091064453,
				"CenterY": 424.60565185546875,
				"CenterZ": -22.999778747558594
			},
			"part4_1_hole_1": {
				"CenterX": 410.95843505859375,
				"CenterY": 566.3092651367188,
				"CenterZ": -270.0000305175781
			},
			"part4_1_hole_2": {
				"CenterX": 410.95855712890625,
				"CenterY": 566.3092651367188,
				"CenterZ": -3.0517578125e-05
			},
			"part4_1_hole_3": {
				"CenterX": 440.3866882324219,
				"CenterY": 843.7979736328125,
				"CenterZ": -270.00006103515625
			},
			"part4_1_hole_4": {
				"CenterX": 440.3868103027344,
				"CenterY": 843.7979736328125,
				"CenterZ": -3.0517578125e-05
			},
			"part4_1_hole_5": {
				"CenterX": 442.35888671875,
				"CenterY": 859.6759033203125,
				"CenterZ": -270.00006103515625
			},
			"part4_1_hole_6": {
				"CenterX": 442.3590087890625,
				"CenterY": 859.6759033203125,
				"CenterZ": -4.57763671875e-05
			},
			"part4_1_hole_7": {
				"CenterX": 444.3310852050781,
				"CenterY": 875.553955078125,
				"CenterZ": -270.00006103515625
			},
			"part4_1_hole_8": {
				"CenterX": 444.3312072753906,
				"CenterY": 875.553955078125,
				"CenterZ": -4.57763671875e-05
			}
		}
	}
}
