{
    "File_name": "step6",
    "data": {
        "PartName": "STEP6.STL",
		"MinPointX": 492.6433410644531,
		"MinPointY": -70.48540496826172,
		"MinPointZ": -540.0,
		"hole": {
			"C122620_1_hole_1": {
				"CenterX": 619.436767578125,
				"CenterY": -506.4863586425781,
				"CenterZ": -484.9998779296875
			},
			"C122620_2_hole_1": {
				"CenterX": 619.4368286132812,
				"CenterY": -506.4863586425781,
				"CenterZ": -324.9997863769531
			},
			"part3_1_hole_1": {
				"CenterX": 599.829345703125,
				"CenterY": -514.520751953125,
				"CenterZ": -539.9998779296875
			},
			"part3_1_hole_2": {
				"CenterX": 599.8295288085938,
				"CenterY": -514.520751953125,
				"CenterZ": -269.9997863769531
			},
			"part3_1_hole_3": {
				"CenterX": 600.66455078125,
				"CenterY": -530.4989624023438,
				"CenterZ": -539.9998779296875
			},
			"part3_1_hole_4": {
				"CenterX": 600.6646728515625,
				"CenterY": -530.4989624023438,
				"CenterZ": -269.9997863769531
			},
			"part3_1_hole_5": {
				"CenterX": 601.4996337890625,
				"CenterY": -546.4771728515625,
				"CenterZ": -539.9998779296875
			},
			"part3_1_hole_6": {
				"CenterX": 601.4998779296875,
				"CenterY": -546.4771728515625,
				"CenterZ": -269.9997863769531
			},
			"part3_1_hole_7": {
				"CenterX": 609.89404296875,
				"CenterY": -515.4967651367188,
				"CenterZ": -484.99981689453125
			},
			"part3_1_hole_8": {
				"CenterX": 609.8941650390625,
				"CenterY": -515.4967651367188,
				"CenterZ": -324.9997863769531
			},
			"part6_1_hole_1": {
				"CenterX": 967.6982421875,
				"CenterY": -488.7589416503906,
				"CenterZ": -575.0001831054688
			},
			"part6_1_hole_2": {
				"CenterX": 965.1968383789062,
				"CenterY": -472.9535827636719,
				"CenterZ": -605.000244140625
			},
			"part6_1_hole_3": {
				"CenterX": 962.6954956054688,
				"CenterY": -457.14825439453125,
				"CenterZ": -575.000244140625
			},
			"part6_1_hole_4": {
				"CenterX": 604.8211669921875,
				"CenterY": -546.1224365234375,
				"CenterZ": -539.9999389648438
			},
			"part6_1_hole_5": {
				"CenterX": 602.3197631835938,
				"CenterY": -530.317138671875,
				"CenterZ": -569.9998779296875
			},
			"part6_1_hole_6": {
				"CenterX": 599.829345703125,
				"CenterY": -514.5206909179688,
				"CenterZ": -539.9998779296875
			},
			"part6_1_hole_7": {
				"CenterX": 559.0849609375,
				"CenterY": -357.9551696777344,
				"CenterZ": -539.9999389648438
			},
			"part6_1_hole_8": {
				"CenterX": 496.51361083984375,
				"CenterY": -86.0166015625,
				"CenterZ": -539.9999389648438
			},
			"part6_1_hole_9": {
				"CenterX": 492.643310546875,
				"CenterY": -70.48541259765625,
				"CenterZ": -570.0
			},
			"part6_1_hole_10": {
				"CenterX": 488.774169921875,
				"CenterY": -54.964202880859375,
				"CenterZ": -539.9999389648438
			},
			"C122620_3_hole_1": {
				"CenterX": 942.3594360351562,
				"CenterY": -451.1956787109375,
				"CenterZ": -293.00006103515625
			},
			"C122620_4_hole_1": {
				"CenterX": 942.3592529296875,
				"CenterY": -451.1957092285156,
				"CenterZ": -517.0001831054688
			},
			"part2_1_hole_1": {
				"CenterX": 962.69580078125,
				"CenterY": -457.148193359375,
				"CenterZ": -235.00010681152344
			},
			"part2_1_hole_2": {
				"CenterX": 962.695556640625,
				"CenterY": -457.1482849121094,
				"CenterZ": -575.0001220703125
			},
			"part2_1_hole_3": {
				"CenterX": 963.5262451171875,
				"CenterY": -473.12664794921875,
				"CenterZ": -235.00010681152344
			},
			"part2_1_hole_4": {
				"CenterX": 963.5260009765625,
				"CenterY": -473.126708984375,
				"CenterZ": -575.0001220703125
			},
			"part2_1_hole_5": {
				"CenterX": 964.356689453125,
				"CenterY": -489.1050720214844,
				"CenterZ": -235.00010681152344
			},
			"part2_1_hole_6": {
				"CenterX": 964.3564453125,
				"CenterY": -489.10516357421875,
				"CenterZ": -575.0001220703125
			},
			"part2_1_hole_7": {
				"CenterX": 952.787109375,
				"CenterY": -459.16522216796875,
				"CenterZ": -293.0000915527344
			},
			"part2_1_hole_8": {
				"CenterX": 952.7869262695312,
				"CenterY": -459.1652526855469,
				"CenterZ": -517.0001220703125
			},
			"part4_1_hole_1": {
				"CenterX": 559.0853271484375,
				"CenterY": -357.9551696777344,
				"CenterZ": -269.9998779296875
			},
			"part4_1_hole_2": {
				"CenterX": 559.0851440429688,
				"CenterY": -357.9552001953125,
				"CenterZ": -539.9999389648438
			},
			"part4_1_hole_3": {
				"CenterX": 500.88812255859375,
				"CenterY": -85.0465316772461,
				"CenterZ": -269.9998779296875
			},
			"part4_1_hole_4": {
				"CenterX": 500.887939453125,
				"CenterY": -85.0466079711914,
				"CenterZ": -539.9999389648438
			},
			"part4_1_hole_5": {
				"CenterX": 497.2713317871094,
				"CenterY": -69.460693359375,
				"CenterZ": -269.9998779296875
			},
			"part4_1_hole_6": {
				"CenterX": 497.2711486816406,
				"CenterY": -69.46073913574219,
				"CenterZ": -539.9998779296875
			},
			"part4_1_hole_7": {
				"CenterX": 493.654541015625,
				"CenterY": -53.874847412109375,
				"CenterZ": -269.9999084472656
			},
			"part4_1_hole_8": {
				"CenterX": 493.65435791015625,
				"CenterY": -53.87486267089844,
				"CenterZ": -539.9999389648438
			},
			"part5_1_hole_1": {
				"CenterX": 966.0276489257812,
				"CenterY": -488.93182373046875,
				"CenterZ": -235.0000457763672
			},
			"part5_1_hole_2": {
				"CenterX": 963.5262451171875,
				"CenterY": -473.12646484375,
				"CenterZ": -205.00006103515625
			},
			"part5_1_hole_3": {
				"CenterX": 961.0248413085938,
				"CenterY": -457.3211669921875,
				"CenterZ": -235.00006103515625
			},
			"part5_1_hole_4": {
				"CenterX": 603.1505126953125,
				"CenterY": -546.2957153320312,
				"CenterZ": -270.0
			},
			"part5_1_hole_5": {
				"CenterX": 600.649169921875,
				"CenterY": -530.4904174804688,
				"CenterZ": -240.0
			},
			"part5_1_hole_6": {
				"CenterX": 598.1587524414062,
				"CenterY": -514.6939697265625,
				"CenterZ": -270.0
			},
			"part5_1_hole_7": {
				"CenterX": 557.4141845703125,
				"CenterY": -358.1285400390625,
				"CenterZ": -270.0
			},
			"part5_1_hole_8": {
				"CenterX": 494.8426208496094,
				"CenterY": -86.19000244140625,
				"CenterZ": -270.0000305175781
			},
			"part5_1_hole_9": {
				"CenterX": 490.97222900390625,
				"CenterY": -70.65887451171875,
				"CenterZ": -240.00001525878906
			},
			"part5_1_hole_10": {
				"CenterX": 487.10296630859375,
				"CenterY": -55.13763427734375,
				"CenterZ": -270.00006103515625
			}
		}
	}
}
