{
    "File_name": "step2",
    "data": {
        "PartName": "STEP2.STL",
		"MinPointX": 443.23968505859375,
		"MinPointY": 876.0665283203125,
		"MinPointZ": -7.62939453125e-06,
		"hole": {
			"C122620_1_hole_1": {
				"CenterX": 360.3616638183594,
				"CenterY": 413.38287353515625,
				"CenterZ": -55.000038146972656
			},
			"C122620_2_hole_1": {
				"CenterX": 360.3616943359375,
				"CenterY": 413.3828430175781,
				"CenterZ": -215.00013732910156
			},
			"part3_1_hole_1": {
				"CenterX": 380.69976806640625,
				"CenterY": 407.4364013671875,
				"CenterZ": -3.0517578125e-05
			},
			"part3_1_hole_2": {
				"CenterX": 380.6998291015625,
				"CenterY": 407.43634033203125,
				"CenterZ": -270.0001220703125
			},
			"part3_1_hole_3": {
				"CenterX": 381.5349426269531,
				"CenterY": 391.45819091796875,
				"CenterZ": -6.103515625e-05
			},
			"part3_1_hole_4": {
				"CenterX": 381.5350036621094,
				"CenterY": 391.4581298828125,
				"CenterZ": -270.0001220703125
			},
			"part3_1_hole_5": {
				"CenterX": 382.3701477050781,
				"CenterY": 375.4800109863281,
				"CenterZ": -4.57763671875e-05
			},
			"part3_1_hole_6": {
				"CenterX": 382.37017822265625,
				"CenterY": 375.4799499511719,
				"CenterZ": -270.0001220703125
			},
			"part3_1_hole_7": {
				"CenterX": 370.7917175292969,
				"CenterY": 405.41644287109375,
				"CenterZ": -55.00006866455078
			},
			"part3_1_hole_8": {
				"CenterX": 370.791748046875,
				"CenterY": 405.4164123535156,
				"CenterZ": -215.00010681152344
			},
			"part6_1_hole_1": {
				"CenterX": 12.149627685546875,
				"CenterY": 394.70648193359375,
				"CenterZ": 35.000003814697266
			},
			"part6_1_hole_2": {
				"CenterX": 12.989654541015625,
				"CenterY": 410.68646240234375,
				"CenterZ": 65.0
			},
			"part6_1_hole_3": {
				"CenterX": 13.829635620117188,
				"CenterY": 426.66644287109375,
				"CenterZ": 34.999996185302734
			},
			"part6_1_hole_4": {
				"CenterX": 379.02972412109375,
				"CenterY": 375.4864501953125,
				"CenterZ": 3.814697265625e-06
			},
			"part6_1_hole_5": {
				"CenterX": 379.8697204589844,
				"CenterY": 391.4664611816406,
				"CenterZ": 29.999980926513672
			},
			"part6_1_hole_6": {
				"CenterX": 380.6997375488281,
				"CenterY": 407.4364318847656,
				"CenterZ": -1.1444091796875e-05
			},
			"part6_1_hole_7": {
				"CenterX": 404.8996887207031,
				"CenterY": 567.3965454101562,
				"CenterZ": -3.814697265625e-06
			},
			"part6_1_hole_8": {
				"CenterX": 438.77978515625,
				"CenterY": 844.37646484375,
				"CenterZ": -1.1444091796875e-05
			},
			"part6_1_hole_9": {
				"CenterX": 441.009765625,
				"CenterY": 860.2265625,
				"CenterZ": 30.000072479248047
			},
			"part6_1_hole_10": {
				"CenterX": 443.23968505859375,
				"CenterY": 876.0665283203125,
				"CenterZ": -7.62939453125e-06
			}
		}
	}
}
