{
	"File_name": "step4",
	"data": {
		"PartName": "step4.STL",
		"MinPointX": -1.52587890625e-05,
		"MinPointY": -6.103515625e-05,
		"MinPointZ": -320.00018310546875,
		"MaxPointX": 464.6700439453125,
		"MaxPointY": 900.5700073242188,
		"MaxPointZ": 64.99995422363281,
		"SizeToAxisX": 464.67005920410156,
		"SizeToAxisY": 900.570068359375,
		"SizeToAxisZ": 385.00013732910156,
		"CenterPointX": 232.33501434326172,
		"CenterPointY": 450.28497314453125,
		"CenterPointZ": -127.50011444091797,
		"hole": {
			"part3_1-hole_1": {
				"CenterX": 384.04010009765625,
				"CenterY": 407.4299011230469,
				"CenterZ": -0.0001068115234375
			},
			"part3_1-hole_2": {
				"CenterX": 384.0401611328125,
				"CenterY": 407.4298400878906,
				"CenterZ": -270.00018310546875
			},
			"part3_1-hole_3": {
				"CenterX": 383.2049865722656,
				"CenterY": 391.4516906738281,
				"CenterZ": -0.0001373291015625
			},
			"part3_1-hole_4": {
				"CenterX": 383.2049865722656,
				"CenterY": 391.4516296386719,
				"CenterZ": -270.00018310546875
			},
			"part3_1-hole_5": {
				"CenterX": 382.36981201171875,
				"CenterY": 375.4734802246094,
				"CenterZ": -0.0001373291015625
			},
			"part3_1-hole_6": {
				"CenterX": 382.36981201171875,
				"CenterY": 375.47344970703125,
				"CenterZ": -270.00018310546875
			},
			"part3_1-hole_7": {
				"CenterX": 373.9754943847656,
				"CenterY": 406.4538879394531,
				"CenterZ": -55.00013732910156
			},
			"part3_1-hole_8": {
				"CenterX": 373.9754943847656,
				"CenterY": 406.453857421875,
				"CenterZ": -215.0001678466797
			},
			"part4_1-hole_1": {
				"CenterX": 408.2400207519531,
				"CenterY": 567.3900756835938,
				"CenterZ": -270.0001220703125
			},
			"part4_1-hole_2": {
				"CenterX": 408.2400207519531,
				"CenterY": 567.3900146484375,
				"CenterZ": -7.62939453125e-05
			},
			"part4_1-hole_3": {
				"CenterX": 442.1716613769531,
				"CenterY": 844.3641357421875,
				"CenterZ": -270.00006103515625
			},
			"part4_1-hole_4": {
				"CenterX": 442.171630859375,
				"CenterY": 844.3640747070312,
				"CenterZ": -4.57763671875e-05
			},
			"part4_1-hole_5": {
				"CenterX": 444.4014892578125,
				"CenterY": 860.2080078125,
				"CenterZ": -270.0000305175781
			},
			"part4_1-hole_6": {
				"CenterX": 444.4014892578125,
				"CenterY": 860.2079467773438,
				"CenterZ": -3.0517578125e-05
			},
			"part4_1-hole_7": {
				"CenterX": 446.63134765625,
				"CenterY": 876.0518798828125,
				"CenterZ": -270.0000305175781
			},
			"part4_1-hole_8": {
				"CenterX": 446.6313171386719,
				"CenterY": 876.0518188476562,
				"CenterZ": -3.0517578125e-05
			},
			"part5_1-hole_1": {
				"CenterX": 15.490066528320312,
				"CenterY": 394.70196533203125,
				"CenterZ": -305.0002136230469
			},
			"part5_1-hole_2": {
				"CenterX": 16.330047607421875,
				"CenterY": 410.68194580078125,
				"CenterZ": -335.00018310546875
			},
			"part5_1-hole_3": {
				"CenterX": 17.170059204101562,
				"CenterY": 426.66192626953125,
				"CenterZ": -305.00018310546875
			},
			"part5_1-hole_4": {
				"CenterX": 382.3701171875,
				"CenterY": 375.4820251464844,
				"CenterZ": -270.0001220703125
			},
			"part5_1-hole_5": {
				"CenterX": 383.2100830078125,
				"CenterY": 391.4619445800781,
				"CenterZ": -300.00018310546875
			},
			"part5_1-hole_6": {
				"CenterX": 384.04010009765625,
				"CenterY": 407.43194580078125,
				"CenterZ": -270.00018310546875
			},
			"part5_1-hole_7": {
				"CenterX": 408.24005126953125,
				"CenterY": 567.3920288085938,
				"CenterZ": -270.00018310546875
			},
			"part5_1-hole_8": {
				"CenterX": 442.1199951171875,
				"CenterY": 844.3719482421875,
				"CenterZ": -270.00018310546875
			},
			"part5_1-hole_9": {
				"CenterX": 444.35009765625,
				"CenterY": 860.221923828125,
				"CenterZ": -300.000244140625
			},
			"part5_1-hole_10": {
				"CenterX": 446.58013916015625,
				"CenterY": 876.06201171875,
				"CenterZ": -270.00018310546875
			}
		}
	}
}
