{
	"File_name": "step8_a",
	"data": {
		"PartName": "step8_a.STL",
		"MinPointX": 7.655935287475586,
		"MinPointY": 385.1875,
		"MinPointZ": -305.0001525878906,
		"MaxPointX": 25.003768920898438,
		"MaxPointY": 436.16845703125,
		"MaxPointZ": 34.9998779296875,
		"SizeToAxisX": 17.34783363342285,
		"SizeToAxisY": 50.98095703125,
		"SizeToAxisZ": 340.0000305175781,
		"CenterPointX": 16.32985210418701,
		"CenterPointY": 410.677978515625,
		"CenterPointZ": -135.00013732910156,
		"hole": {
			"part1_1-hole_1": {
				"CenterX": 364.51904296875,
				"CenterY": 416.9151306152344,
				"CenterZ": -215.00015258789062
			},
			"part1_1-hole_2": {
				"CenterX": 364.51904296875,
				"CenterY": 416.9151306152344,
				"CenterZ": -57.00012969970703
			},
			"part5_1-hole_4": {
				"CenterX": 382.3703918457031,
				"CenterY": 375.47613525390625,
				"CenterZ": -269.99993896484375
			},
			"part5_1-hole_5": {
				"CenterX": 383.2103576660156,
				"CenterY": 391.4560546875,
				"CenterZ": -300.0
			},
			"part5_1-hole_6": {
				"CenterX": 384.04034423828125,
				"CenterY": 407.42608642578125,
				"CenterZ": -269.9999694824219
			},
			"part5_1-hole_7": {
				"CenterX": 408.24029541015625,
				"CenterY": 567.3861694335938,
				"CenterZ": -270.0
			},
			"part4_1-hole_1": {
				"CenterX": 490.41400146484375,
				"CenterY": 1151.6405029296875,
				"CenterZ": -7.62939453125e-05
			},
			"part4_1-hole_2": {
				"CenterX": 490.41400146484375,
				"CenterY": 1151.6405029296875,
				"CenterZ": -270.0000915527344
			},
			"part6_1-hole_4": {
				"CenterX": 382.37005615234375,
				"CenterY": 375.47998046875,
				"CenterZ": -3.0517578125e-05
			},
			"part6_1-hole_5": {
				"CenterX": 383.21002197265625,
				"CenterY": 391.4599914550781,
				"CenterZ": 29.99994659423828
			},
			"part6_1-hole_6": {
				"CenterX": 384.0400390625,
				"CenterY": 407.4299621582031,
				"CenterZ": -4.1961669921875e-05
			},
			"part6_1-hole_7": {
				"CenterX": 408.2400207519531,
				"CenterY": 567.3900146484375,
				"CenterZ": -4.1961669921875e-05
			},
			"C122620_1-hole_1": {
				"CenterX": 37.509639739990234,
				"CenterY": 432.5964050292969,
				"CenterZ": -23.00011444091797
			},
			"C122620_1-hole_2": {
				"CenterX": 37.58837890625,
				"CenterY": 434.0943298339844,
				"CenterZ": -23.00011444091797
			},
			"C122620_2-hole_1": {
				"CenterX": 37.50960922241211,
				"CenterY": 432.596435546875,
				"CenterZ": -247.0001983642578
			},
			"C122620_2-hole_2": {
				"CenterX": 37.588348388671875,
				"CenterY": 434.0943603515625,
				"CenterZ": -247.0001983642578
			}
		}
	}
}