{
	"File_name": "step1_a",
	"data": {
		"PartName": "step1_a.STL",
		"MinPointX": -135.00003051757812,
		"MinPointY": -25.00000762939453,
		"MinPointZ": 3.814697265625e-06,
		"MaxPointX": 135.00003051757812,
		"MaxPointY": 25.00000762939453,
		"MaxPointZ": 40.00001525878906,
		"SizeToAxisX": 270.00006103515625,
		"SizeToAxisY": 50.00001525878906,
		"SizeToAxisZ": 40.0000114440918,
		"CenterPointX": 0.0,
		"CenterPointY": 0.0,
		"CenterPointZ": 20.000009536743164,
		"hole": {
			"C122620_1_hole_1": {
				"CenterX": -80.00006103515625,
				"CenterY": -23.000011444091797,
				"CenterZ": 30.00001335144043
			},
			"C122620_1_hole_2": {
				"CenterX": -80.00006103515625,
				"CenterY": -24.500011444091797,
				"CenterZ": 30.00001335144043
			},
			"C122620_2_hole_1": {
				"CenterX": 80.00006103515625,
				"CenterY": -23.000011444091797,
				"CenterZ": 30.00001335144043
			},
			"C122620_2_hole_2": {
				"CenterX": 80.00006103515625,
				"CenterY": -24.500011444091797,
				"CenterZ": 30.00001335144043
			},
			"part3_1_hole_1": {
				"CenterX": -135.00003051757812,
				"CenterY": -16.000003814697266,
				"CenterZ": 10.0
			},
			"part3_1_hole_2": {
				"CenterX": 135.00003051757812,
				"CenterY": -16.000003814697266,
				"CenterZ": 10.0
			},
			"part3_1_hole_3": {
				"CenterX": -135.00003051757812,
				"CenterY": 0.0,
				"CenterZ": 10.0
			},
			"part3_1_hole_4": {
				"CenterX": 135.00003051757812,
				"CenterY": 0.0,
				"CenterZ": 10.0
			},
			"part3_1_hole_5": {
				"CenterX": -135.00003051757812,
				"CenterY": 16.000003814697266,
				"CenterZ": 10.0
			},
			"part3_1_hole_6": {
				"CenterX": 135.00003051757812,
				"CenterY": 16.000003814697266,
				"CenterZ": 10.0
			}
		}
	}
}