{
    "File_name": "step8",
    "data": {
        "PartName": "STEP8.STL",
		"MinPointX": 492.6433410644531,
		"MinPointY": -70.48540496826172,
		"MinPointZ": -540.0,
        "hole": {
			"C122620_1_hole_1": {
				"CenterX": 619.436767578125,
				"CenterY": -506.4863586425781,
				"CenterZ": -484.9998779296875
			},
			"C122620_2_hole_1": {
				"CenterX": 619.4368286132812,
				"CenterY": -506.4863586425781,
				"CenterZ": -324.9997863769531
			},
			"C122620_3_hole_1": {
				"CenterX": 942.3594360351562,
				"CenterY": -451.1956787109375,
				"CenterZ": -293.00006103515625
			},
			"part1_1_hole_1": {
				"CenterX": 618.7991943359375,
				"CenterY": -500.06512451171875,
				"CenterZ": -324.9997863769531
			},
			"part1_1_hole_2": {
				"CenterX": 618.799072265625,
				"CenterY": -500.065185546875,
				"CenterZ": -482.99981689453125
			},
			"part1_1_hole_3": {
				"CenterX": 942.2815551757812,
				"CenterY": -449.6977844238281,
				"CenterZ": -292.9999694824219
			},
			"part1_1_hole_4": {
				"CenterX": 942.2813720703125,
				"CenterY": -449.6977844238281,
				"CenterZ": -515.0001220703125
			},
			"C122620_4_hole_1": {
				"CenterX": 942.3592529296875,
				"CenterY": -451.1957092285156,
				"CenterZ": -517.0001831054688
			}
		}
	}
}
