{
    "File_name": "step4",
    "data": {
        "PartName": "STEP4.STL",
		"MinPointX": 444.3312072753906,
		"MinPointY": 875.553955078125,
		"MinPointZ": -4.57763671875e-05,
        "hole": {
			"C122620_1_hole_1": {
				"CenterX": 366.4206848144531,
				"CenterY": 412.2954406738281,
				"CenterZ": -54.99999237060547
			},
			"C122620_2_hole_1": {
				"CenterX": 366.420654296875,
				"CenterY": 412.2954406738281,
				"CenterZ": -215.00009155273438
			},
			"part3_1_hole_3": {
				"CenterX": 387.59405517578125,
				"CenterY": 390.37078857421875,
				"CenterZ": -3.0517578125e-05
			},
			"part3_1_hole_4": {
				"CenterX": 387.59393310546875,
				"CenterY": 390.37078857421875,
				"CenterZ": -270.00006103515625
			},
			"part6_1_hole_2": {
				"CenterX": 19.048828125,
				"CenterY": 409.5987243652344,
				"CenterZ": 65.0002670288086
			},
			"part6_1_hole_5": {
				"CenterX": 385.9288330078125,
				"CenterY": 390.37908935546875,
				"CenterZ": 30.00005340576172
			},
			"part6_1_hole_9": {
				"CenterX": 447.068359375,
				"CenterY": 859.13916015625,
				"CenterZ": 30.0001220703125
			},
			"C122620_3_hole_1": {
				"CenterX": 39.4935302734375,
				"CenterY": 433.618896484375,
				"CenterZ": -246.99984741210938
			},
			"C122620_4_hole_1": {
				"CenterX": 39.49363708496094,
				"CenterY": 433.618896484375,
				"CenterZ": -22.9997501373291
			},
			"part2_1_hole_3": {
				"CenterX": 20.728443145751953,
				"CenterY": 409.6007080078125,
				"CenterZ": -304.99981689453125
			},
			"part2_1_hole_4": {
				"CenterX": 20.728605270385742,
				"CenterY": 409.6007080078125,
				"CenterZ": 35.000213623046875
			},
			"part4_1_hole_5": {
				"CenterX": 442.35888671875,
				"CenterY": 859.6759033203125,
				"CenterZ": -270.00006103515625
			},
			"part4_1_hole_6": {
				"CenterX": 442.3590087890625,
				"CenterY": 859.6759033203125,
				"CenterZ": -4.57763671875e-05
			}
		}
	}
}
