{
	"File_name": "step9_a",
	"data": {
		"PartName": "step9_a.STL",
		"MinPointX": -353.710205078125,
		"MinPointY": -5.7415771484375,
		"MinPointZ": -0.008453369140625,
		"MaxPointX": 81.70986938476562,
		"MaxPointY": 464.6700439453125,
		"MaxPointZ": 900.5700073242188,
		"SizeToAxisX": 435.4200744628906,
		"SizeToAxisY": 470.41162109375,
		"SizeToAxisZ": 900.5784606933594,
		"CenterPointX": -136.0001678466797,
		"CenterPointY": 229.4642333984375,
		"CenterPointZ": 450.28077697753906,
		"hole": {
			"C122620_1-hole_2": {
				"CenterX": -215.00015258789062,
				"CenterY": 364.5110168457031,
				"CenterZ": 416.96221923828125
			},
			"C122620_2-hole_2": {
				"CenterX": -55.00006866455078,
				"CenterY": 364.5110168457031,
				"CenterZ": 416.9622497558594
			},
			"C122620_3-hole_2": {
				"CenterX": -247.00021362304688,
				"CenterY": 37.588592529296875,
				"CenterZ": 434.0984191894531
			},
			"part1_1-hole_1": {
				"CenterX": -215.0001983642578,
				"CenterY": 364.517333984375,
				"CenterZ": 416.9131774902344
			},
			"part1_1-hole_2": {
				"CenterX": -57.00016784667969,
				"CenterY": 364.517333984375,
				"CenterZ": 416.9131774902344
			},
			"part1_1-hole_3": {
				"CenterX": -247.000244140625,
				"CenterY": 37.58857727050781,
				"CenterZ": 434.0983581542969
			},
			"part1_1-hole_4": {
				"CenterX": -25.000152587890625,
				"CenterY": 37.58860778808594,
				"CenterZ": 434.0984191894531
			},
			"C122620_4-hole_2": {
				"CenterX": -23.000091552734375,
				"CenterY": 37.588592529296875,
				"CenterZ": 434.0984191894531
			}
		}
	}
}