{
    "File_name": "step3",
    "data": {
        "PartName": "STEP3.STL",
		"MinPointX": 12.14959716796875,
		"MinPointY": 394.7064514160156,
		"MinPointZ": 34.9999885559082,
        "hole": {
			"C122620_1_hole_1": {
				"CenterX": 357.0019226074219,
				"CenterY": 413.3788757324219,
				"CenterZ": -55.000038146972656
			},
			"C122620_2_hole_1": {
				"CenterX": 357.001953125,
				"CenterY": 413.37884521484375,
				"CenterZ": -215.00013732910156
			},
			"part3_1_hole_3": {
				"CenterX": 378.1752014160156,
				"CenterY": 391.4541931152344,
				"CenterZ": -6.103515625e-05
			},
			"part3_1_hole_4": {
				"CenterX": 378.1752624511719,
				"CenterY": 391.4541320800781,
				"CenterZ": -270.0001220703125
			},
			"part6_1_hole_2": {
				"CenterX": 9.629867553710938,
				"CenterY": 410.6824645996094,
				"CenterZ": 65.0
			},
			"part6_1_hole_5": {
				"CenterX": 376.50994873046875,
				"CenterY": 391.46246337890625,
				"CenterZ": 29.999996185302734
			},
			"part6_1_hole_7": {
				"CenterX": 401.5399169921875,
				"CenterY": 567.392578125,
				"CenterZ": 3.814697265625e-06
			},
			"part6_1_hole_8": {
				"CenterX": 435.41998291015625,
				"CenterY": 844.37255859375,
				"CenterZ": -1.1444091796875e-05
			},
			"part6_1_hole_9": {
				"CenterX": 437.6500244140625,
				"CenterY": 860.2225952148438,
				"CenterZ": 30.000072479248047
			},
			"part6_1_hole_10": {
				"CenterX": 439.87994384765625,
				"CenterY": 876.0626220703125,
				"CenterZ": -7.62939453125e-06
			},
			"C122620_3_hole_1": {
				"CenterX": 30.07476806640625,
				"CenterY": 434.7025146484375,
				"CenterZ": -247.00010681152344
			},
			"C122620_4_hole_1": {
				"CenterX": 30.07476806640625,
				"CenterY": 434.7025451660156,
				"CenterZ": -23.000015258789062
			},
			"part2_1_hole_3": {
				"CenterX": 11.30968189239502,
				"CenterY": 410.6843566894531,
				"CenterZ": -305.00006103515625
			},
			"part2_1_hole_4": {
				"CenterX": 11.30968189239502,
				"CenterY": 410.6843566894531,
				"CenterZ": 34.99993896484375
			}
		}
	}
}
