{
    "File_name": "step5",
    "data": {
        "PartName": "STEP5.STL",
		"MinPointX": 487.10296630859375,
		"MinPointY": -55.13763427734375,
		"MinPointZ": -270.00006103515625,
        "hole": {
			"C122620_1_hole_1": {
				"CenterX": 619.436767578125,
				"CenterY": -506.4863586425781,
				"CenterZ": -484.9998779296875
			},
			"C122620_2_hole_1": {
				"CenterX": 619.4368286132812,
				"CenterY": -506.4863586425781,
				"CenterZ": -324.9997863769531
			},
			"part3_1_hole_3": {
				"CenterX": 600.66455078125,
				"CenterY": -530.4989624023438,
				"CenterZ": -539.9998779296875
			},
			"part6_1_hole_2": {
				"CenterX": 965.1968383789062,
				"CenterY": -472.9535827636719,
				"CenterZ": -605.000244140625
			},
			"part6_1_hole_5": {
				"CenterX": 602.3197631835938,
				"CenterY": -530.317138671875,
				"CenterZ": -569.9998779296875
			},
			"part6_1_hole_9": {
				"CenterX": 492.643310546875,
				"CenterY": -70.48541259765625,
				"CenterZ": -570.0
			},
			"C122620_3_hole_1": {
				"CenterX": 942.3594360351562,
				"CenterY": -451.1956787109375,
				"CenterZ": -293.00006103515625
			},
			"C122620_4_hole_1": {
				"CenterX": 942.3592529296875,
				"CenterY": -451.1957092285156,
				"CenterZ": -517.0001831054688
			},
			"part2_1_hole_4": {
				"CenterX": 963.5260009765625,
				"CenterY": -473.126708984375,
				"CenterZ": -575.0001220703125
			},
			"part4_1_hole_6": {
				"CenterX": 497.2711486816406,
				"CenterY": -69.46073913574219,
				"CenterZ": -539.9998779296875
			}
		}
	}
}
