{
	"File_name": "step1_b",
	"data": {
		"PartName": "step1_b.STL",
		"MinPointX": -170.00003051757812,
		"MinPointY": -25.00000762939453,
		"MinPointZ": 0.0,
		"MaxPointX": 170.00006103515625,
		"MaxPointY": 25.00000762939453,
		"MaxPointZ": 40.0000114440918,
		"SizeToAxisX": 340.0000915527344,
		"SizeToAxisY": 50.00001525878906,
		"SizeToAxisZ": 40.0000114440918,
		"CenterPointX": 1.52587890625e-05,
		"CenterPointY": 0.0,
		"CenterPointZ": 20.0000057220459,
		"hole": {
			"C122620_3_hole_1": {
				"CenterX": -112.00006103515625,
				"CenterY": -23.000011444091797,
				"CenterZ": 30.000009536743164
			},
			"C122620_3_hole_2": {
				"CenterX": -112.00006103515625,
				"CenterY": -24.500011444091797,
				"CenterZ": 30.000009536743164
			},
			"C122620_4_hole_1": {
				"CenterX": 112.00006103515625,
				"CenterY": -23.000011444091797,
				"CenterZ": 30.000009536743164
			},
			"C122620_4_hole_2": {
				"CenterX": 112.00006103515625,
				"CenterY": -24.500011444091797,
				"CenterZ": 30.000009536743164
			},
			"part2_1_hole_1": {
				"CenterX": -170.00003051757812,
				"CenterY": -16.000003814697266,
				"CenterZ": 10.0
			},
			"part2_1_hole_2": {
				"CenterX": 170.00003051757812,
				"CenterY": -16.000003814697266,
				"CenterZ": 10.0
			},
			"part2_1_hole_3": {
				"CenterX": -170.00003051757812,
				"CenterY": 0.0,
				"CenterZ": 10.0
			},
			"part2_1_hole_4": {
				"CenterX": 170.00003051757812,
				"CenterY": 0.0,
				"CenterZ": 10.0
			},
			"part2_1_hole_5": {
				"CenterX": -170.00003051757812,
				"CenterY": 16.000003814697266,
				"CenterZ": 10.0
			},
			"part2_1_hole_6": {
				"CenterX": 170.00003051757812,
				"CenterY": 16.000003814697266,
				"CenterZ": 10.0
			}
		}
	}
}