{
    "File_name": "step6",
    "data": {
        "PartName": "STEP6.STL",
		"MinPointX": 492.6433410644531,
		"MinPointY": -70.48540496826172,
		"MinPointZ": -540.0,
        "hole": {
			"C122620_1_hole_1": {
				"CenterX": 619.436767578125,
				"CenterY": -506.4863586425781,
				"CenterZ": -484.9998779296875
			},
			"C122620_2_hole_1": {
				"CenterX": 619.4368286132812,
				"CenterY": -506.4863586425781,
				"CenterZ": -324.9997863769531
			},
			"C122620_3_hole_1": {
				"CenterX": 942.3594360351562,
				"CenterY": -451.1956787109375,
				"CenterZ": -293.00006103515625
			},
			"C122620_4_hole_1": {
				"CenterX": 942.3592529296875,
				"CenterY": -451.1957092285156,
				"CenterZ": -517.0001831054688
			}
		}
	}
}
