{
	"File_name": "step3",
	"data": {
		"PartName": "step3.STL",
		"MinPointX": -1.52587890625e-05,
		"MinPointY": -6.103515625e-05,
		"MinPointZ": -320.00018310546875,
		"MaxPointX": 464.6700439453125,
		"MaxPointY": 900.5700073242188,
		"MaxPointZ": 64.99995422363281,
		"SizeToAxisX": 464.67005920410156,
		"SizeToAxisY": 900.570068359375,
		"SizeToAxisZ": 385.00013732910156,
		"CenterPointX": 232.33501434326172,
		"CenterPointY": 450.28497314453125,
		"CenterPointZ": -127.50011444091797,
		"hole": {
			"C122620_1_hole_1": {
				"CenterX": 364.4327697753906,
				"CenterY": 415.46429443359375,
				"CenterZ": -55.00010681152344
			},
			"C122620_1_hole_2": {
				"CenterX": 364.5110778808594,
				"CenterY": 416.9622497558594,
				"CenterZ": -55.00010681152344
			},
			"C122620_2_hole_1": {
				"CenterX": 364.4327697753906,
				"CenterY": 415.4642639160156,
				"CenterZ": -215.0001983642578
			},
			"C122620_2_hole_2": {
				"CenterX": 364.5110778808594,
				"CenterY": 416.96221923828125,
				"CenterZ": -215.0001983642578
			},
			"part3_1_hole_3": {
				"CenterX": 383.2049865722656,
				"CenterY": 391.4516906738281,
				"CenterZ": -0.0001373291015625
			},
			"part3_1_hole_4": {
				"CenterX": 383.2049865722656,
				"CenterY": 391.4516296386719,
				"CenterZ": -270.00018310546875
			},
			"part6_1_hole_2": {
				"CenterX": 16.329986572265625,
				"CenterY": 410.6800231933594,
				"CenterZ": 64.99998474121094
			},
			"part6_1_hole_5": {
				"CenterX": 383.21002197265625,
				"CenterY": 391.4599914550781,
				"CenterZ": 29.99994659423828
			},
			"part6_1_hole_7": {
				"CenterX": 408.2400207519531,
				"CenterY": 567.3900146484375,
				"CenterZ": -4.1961669921875e-05
			},
			"part6_1_hole_8": {
				"CenterX": 442.1201171875,
				"CenterY": 844.3699951171875,
				"CenterZ": -3.4332275390625e-05
			},
			"part6_1_hole_9": {
				"CenterX": 444.35009765625,
				"CenterY": 860.2200317382812,
				"CenterZ": 30.00005340576172
			},
			"part6_1_hole_10": {
				"CenterX": 446.5800476074219,
				"CenterY": 876.06005859375,
				"CenterZ": -3.0517578125e-05
			},
			"C122620_3_hole_1": {
				"CenterX": 37.50984573364258,
				"CenterY": 432.6004333496094,
				"CenterZ": -247.0001678466797
			},
			"C122620_3_hole_2": {
				"CenterX": 37.588584899902344,
				"CenterY": 434.0983581542969,
				"CenterZ": -247.0001678466797
			},
			"C122620_4_hole_1": {
				"CenterX": 37.50984573364258,
				"CenterY": 432.60040283203125,
				"CenterZ": -23.000076293945312
			},
			"C122620_4_hole_2": {
				"CenterX": 37.588584899902344,
				"CenterY": 434.09832763671875,
				"CenterZ": -23.000076293945312
			},
			"part2_1_hole_3": {
				"CenterX": 16.330074310302734,
				"CenterY": 410.6819763183594,
				"CenterZ": -305.0001220703125
			},
			"part2_1_hole_4": {
				"CenterX": 16.3300724029541,
				"CenterY": 410.6819763183594,
				"CenterZ": 34.99989318847656
			}
		}
	}
}