{
  "part1": [
    -9.459066774297753e-08,
    -3.662649987745681e-07,
    4.018797426397214e-06
  ],
  "part2": [
    2.8153473863312684e-07,
    3.841745694899146e-07,
    8.724703661755484e-07
  ],
  "part3": [
    -7.782148713886272e-06,
    2.709092825625703e-07,
    -1.123400465985469e-06
  ],
  "part4": [
    -3.514652462399681e-07,
    2.2227441220934452e-08,
    1.4696685866510961e-05
  ],
  "part5": [
    -2.9654711397597566e-05,
    -1.3707837354104413e-07,
    -4.554178758553462e-06
  ],
  "part6": [
    -3.071969558732235e-06,
    -2.563014334100444e-07,
    -2.6179670840065228e-06
  ],
  "part7": [
    3.6536996503855335e-06,
    1.3405373522346054e-07,
    -1.7967479948310938e-07
  ],
  "part8": [
    7.989229743543547e-06,
    1.4550846963966302e-14,
    -3.328845821215509e-07
  ],
  "step1_a": [
    -1.4784725408389932e-06,
    -1.8102099895477295,
    11.36471176147461
  ],
  "step1_b": [
    2.6767854706122307e-06,
    -1.489964485168457,
    11.123222351074219
  ],
  "step2": [
    281.5920104980469,
    354.697265625,
    1.4326763153076172
  ],
  "step3": [
    238.34251403808594,
    364.10906982421875,
    -20.91449546813965
  ],
  "step4": [
    286.04718017578125,
    454.2264404296875,
    -49.25286102294922
  ],
  "step5": [
    277.7843322753906,
    418.08990478515625,
    -135.83604431152344
  ],
  "step6": [
    277.8041076660156,
    418.8433837890625,
    -135.01234436035156
  ],
  "step7": [
    250.35433959960938,
    422.6212463378906,
    -135.31521606445312
  ],
  "step8": [
    250.35433959960938,
    422.6212463378906,
    -135.31521606445312
  ],
  "step9_b": [
    250.23255920410156,
    422.6197814941406,
    -135.30897521972656
  ]
}