{
  "part1" : [-217.70615, -192.67398, -5.002031],
  "part2" : [-170.0, -24.866615, -10.018735],
  "part3" : [-135.00002, -24.835337, -10.023077],
  "part4" : [-135.0, -174.56874, -11.191066],
  "part5" : [-262.0109, -347.16248, -36.990425],
  "part6" : [-262.0107, -347.1624, -28.016863]
}

