{
	"File_name": "step2",
	"data": {
		"PartName": "step2.STL",
		"MinPointX": -0.0050506591796875,
		"MinPointY": -0.008392333984375,
		"MinPointZ": -335.0002136230469,
		"MaxPointX": 464.6700439453125,
		"MaxPointY": 900.5700073242188,
		"MaxPointZ": 64.99995422363281,
		"SizeToAxisX": 464.6750946044922,
		"SizeToAxisY": 900.5783996582031,
		"SizeToAxisZ": 400.0001678466797,
		"CenterPointX": 232.3324966430664,
		"CenterPointY": 450.2808074951172,
		"CenterPointZ": -135.00012969970703,
		"hole": {
			"C122620_1-hole_1": {
				"CenterX": 364.4327697753906,
				"CenterY": 415.4642639160156,
				"CenterZ": -215.0001983642578
			},
			"C122620_1-hole_2": {
				"CenterX": 364.5110778808594,
				"CenterY": 416.96221923828125,
				"CenterZ": -215.0001983642578
			},
			"C122620_2-hole_1": {
				"CenterX": 364.4327697753906,
				"CenterY": 415.46429443359375,
				"CenterZ": -55.00010681152344
			},
			"C122620_2-hole_2": {
				"CenterX": 364.5110778808594,
				"CenterY": 416.9622497558594,
				"CenterZ": -55.00010681152344
			},
			"part6_1-hole_2": {
				"CenterX": 16.329986572265625,
				"CenterY": 410.6800231933594,
				"CenterZ": 64.99998474121094
			},
			"part6_1-hole_5": {
				"CenterX": 383.21002197265625,
				"CenterY": 391.4599914550781,
				"CenterZ": 29.99994659423828
			},
			"part6_1-hole_9": {
				"CenterX": 444.35009765625,
				"CenterY": 860.2200317382812,
				"CenterZ": 30.00005340576172
			},
			"C122620_3-hole_1": {
				"CenterX": 37.50984573364258,
				"CenterY": 432.6004333496094,
				"CenterZ": -247.0001678466797
			},
			"C122620_3-hole_2": {
				"CenterX": 37.588584899902344,
				"CenterY": 434.0983581542969,
				"CenterZ": -247.0001678466797
			},
			"C122620_4-hole_1": {
				"CenterX": 37.50984573364258,
				"CenterY": 432.60040283203125,
				"CenterZ": -23.000076293945312
			},
			"C122620_4-hole_2": {
				"CenterX": 37.588584899902344,
				"CenterY": 434.09832763671875,
				"CenterZ": -23.000076293945312
			}
		}
	}
}
