{
	"File_name": "step4",
	"data": {
		"PartName": "step4.STL",
		"MinPointX": -5.7415313720703125,
		"MinPointY": -0.008392333984375,
		"MinPointZ": -353.71014404296875,
		"MaxPointX": 464.6700439453125,
		"MaxPointY": 900.5700073242188,
		"MaxPointZ": 81.70991516113281,
		"SizeToAxisX": 470.4115753173828,
		"SizeToAxisY": 900.5783996582031,
		"SizeToAxisZ": 435.42005920410156,
		"CenterPointX": 229.4642562866211,
		"CenterPointY": 450.2808074951172,
		"CenterPointZ": -136.00011444091797,
		"hole": {
			"C122620_1-hole_1": {
				"CenterX": 364.4327697753906,
				"CenterY": 415.4642639160156,
				"CenterZ": -215.0001983642578
			},
			"C122620_1-hole_2": {
				"CenterX": 364.5110778808594,
				"CenterY": 416.96221923828125,
				"CenterZ": -215.0001983642578
			},
			"C122620_2-hole_1": {
				"CenterX": 364.4327697753906,
				"CenterY": 415.46429443359375,
				"CenterZ": -55.00010681152344
			},
			"C122620_2-hole_2": {
				"CenterX": 364.5110778808594,
				"CenterY": 416.9622497558594,
				"CenterZ": -55.00010681152344
			},
			"C122620_3-hole_1": {
				"CenterX": 37.50984573364258,
				"CenterY": 432.6004333496094,
				"CenterZ": -247.0001678466797
			},
			"C122620_3-hole_2": {
				"CenterX": 37.588584899902344,
				"CenterY": 434.0983581542969,
				"CenterZ": -247.0001678466797
			},
			"part1_1-hole_1": {
				"CenterX": 364.517333984375,
				"CenterY": 416.9131164550781,
				"CenterZ": -215.00013732910156
			},
			"part1_1-hole_2": {
				"CenterX": 364.517333984375,
				"CenterY": 416.9131164550781,
				"CenterZ": -57.00011444091797
			},
			"part1_1-hole_3": {
				"CenterX": 37.58860778808594,
				"CenterY": 434.0982971191406,
				"CenterZ": -247.00018310546875
			},
			"part1_1-hole_4": {
				"CenterX": 37.58863830566406,
				"CenterY": 434.0983581542969,
				"CenterZ": -25.000091552734375
			},
			"C122620_4-hole_1": {
				"CenterX": 37.50984573364258,
				"CenterY": 432.60040283203125,
				"CenterZ": -23.000076293945312
			},
			"C122620_4-hole_2": {
				"CenterX": 37.588584899902344,
				"CenterY": 434.09832763671875,
				"CenterZ": -23.000076293945312
			}
		}
	}
}
