{
	"File_name": "step2",
	"data": {
		"PartName": "step2.STL",
		"MinPointX": 7.65593147277832,
		"MinPointY": 385.1874694824219,
		"MinPointZ": -305.00006103515625,
		"MaxPointX": 25.003765106201172,
		"MaxPointY": 436.1684265136719,
		"MaxPointZ": 34.99995422363281,
		"SizeToAxisX": 17.34783363342285,
		"SizeToAxisY": 50.98095703125,
		"SizeToAxisZ": 340.00001525878906,
		"CenterPointX": 16.329848289489746,
		"CenterPointY": 410.6779479980469,
		"CenterPointZ": -135.00005340576172,
		"hole": {
			"part6_1-hole_1": {
				"CenterX": 15.489974975585938,
				"CenterY": 394.70001220703125,
				"CenterZ": 34.99998474121094
			},
			"part6_1-hole_2": {
				"CenterX": 16.329986572265625,
				"CenterY": 410.6800231933594,
				"CenterZ": 64.99998474121094
			},
			"part6_1-hole_3": {
				"CenterX": 17.16998291015625,
				"CenterY": 426.65997314453125,
				"CenterZ": 34.99997329711914
			},
			"part6_1-hole_4": {
				"CenterX": 382.37005615234375,
				"CenterY": 375.47998046875,
				"CenterZ": -3.0517578125e-05
			},
			"part6_1-hole_5": {
				"CenterX": 383.21002197265625,
				"CenterY": 391.4599914550781,
				"CenterZ": 29.99994659423828
			},
			"part6_1-hole_6": {
				"CenterX": 384.0400390625,
				"CenterY": 407.4299621582031,
				"CenterZ": -4.1961669921875e-05
			},
			"part6_1-hole_7": {
				"CenterX": 408.2400207519531,
				"CenterY": 567.3900146484375,
				"CenterZ": -4.1961669921875e-05
			},
			"part6_1-hole_8": {
				"CenterX": 442.1201171875,
				"CenterY": 844.3699951171875,
				"CenterZ": -3.4332275390625e-05
			},
			"part6_1-hole_9": {
				"CenterX": 444.35009765625,
				"CenterY": 860.2200317382812,
				"CenterZ": 30.00005340576172
			},
			"part6_1-hole_10": {
				"CenterX": 446.5800476074219,
				"CenterY": 876.06005859375,
				"CenterZ": -3.0517578125e-05
			},
			"C122620_2-hole_1": {
				"CenterX": 37.50963592529297,
				"CenterY": 432.59637451171875,
				"CenterZ": -23.000038146972656
			},
			"C122620_2-hole_2": {
				"CenterX": 37.58837890625,
				"CenterY": 434.09429931640625,
				"CenterZ": -23.000038146972656
			},
			"C122620_1-hole_1": {
				"CenterX": 37.509605407714844,
				"CenterY": 432.5964050292969,
				"CenterZ": -247.0001220703125
			},
			"C122620_1-hole_2": {
				"CenterX": 37.588348388671875,
				"CenterY": 434.0943298339844,
				"CenterZ": -247.0001220703125
			},
			"part2_1-hole_1": {
				"CenterX": 17.169706344604492,
				"CenterY": 426.6559143066406,
				"CenterZ": -305.0001220703125
			},
			"part2_1-hole_2": {
				"CenterX": 17.169788360595703,
				"CenterY": 426.6559143066406,
				"CenterZ": 35.00006103515625
			},
			"part2_1-hole_3": {
				"CenterX": 16.329814910888672,
				"CenterY": 410.6779479980469,
				"CenterZ": -305.0001220703125
			},
			"part2_1-hole_4": {
				"CenterX": 16.32987403869629,
				"CenterY": 410.6779479980469,
				"CenterZ": 34.99998474121094
			},
			"part2_1-hole_5": {
				"CenterX": 15.489923477172852,
				"CenterY": 394.70001220703125,
				"CenterZ": -305.0001220703125
			},
			"part2_1-hole_6": {
				"CenterX": 15.48998737335205,
				"CenterY": 394.6999816894531,
				"CenterZ": 35.00001525878906
			},
			"part2_1-hole_7": {
				"CenterX": 27.077192306518555,
				"CenterY": 424.6330261230469,
				"CenterZ": -247.0001220703125
			},
			"part2_1-hole_8": {
				"CenterX": 27.077232360839844,
				"CenterY": 424.6330261230469,
				"CenterZ": -23.000030517578125
			}
		}
	}
}