{
  "part1": [
    -9.459066774297753e-08,
    -3.662649987745681e-07,
    4.018797426397214e-06
  ],
  "part2": [
    2.8153473863312684e-07,
    3.841745694899146e-07,
    8.724703661755484e-07
  ],
  "part3": [
    -7.782148713886272e-06,
    2.709092825625703e-07,
    -1.123400465985469e-06
  ],
  "part4": [
    -3.514652462399681e-07,
    2.2227441220934452e-08,
    1.4696685866510961e-05
  ],
  "part5": [
    -2.9654711397597566e-05,
    -1.3707837354104413e-07,
    -4.554178758553462e-06
  ],
  "part6": [
    -3.071969558732235e-06,
    -2.563014334100444e-07,
    -2.6179670840065228e-06
  ],
  "part7": [
    3.6536996503855335e-06,
    1.3405373522346054e-07,
    -1.7967479948310938e-07
  ],
  "part8": [
    7.989229743543547e-06,
    1.4550846963966302e-14,
    -3.328845821215509e-07
  ],
  "step1_a": [
    -0.5435913801193237,
    3.0400283336639404,
    351.1212463378906
  ],
  "step1_b": [
    -10.88192081451416,
    8.924691200256348,
    271.36456298828125
  ],
  "step2": [
    -144.7127227783203,
    -55.69660949707031,
    869.4722900390625
  ]
}