{
	"File_name": "step3",
	"data": {
		"PartName": "step3.STL",
		"MinPointX": -1.52587890625e-05,
		"MinPointY": -6.103515625e-05,
		"MinPointZ": -320.00018310546875,
		"MaxPointX": 464.6700439453125,
		"MaxPointY": 900.5700073242188,
		"MaxPointZ": 64.99995422363281,
		"SizeToAxisX": 464.67005920410156,
		"SizeToAxisY": 900.570068359375,
		"SizeToAxisZ": 385.00013732910156,
		"CenterPointX": 232.33501434326172,
		"CenterPointY": 450.28497314453125,
		"CenterPointZ": -127.50011444091797,
		"hole": {
			"part3_1-hole_1": {
				"CenterX": 17.169963836669922,
				"CenterY": 426.6599426269531,
				"CenterZ": -305.0001220703125
			},
			"part3_1-hole_3": {
				"CenterX": 16.330074310302734,
				"CenterY": 410.6819763183594,
				"CenterZ": -305.0001220703125
			},
			"part3_1-hole_5": {
				"CenterX": 15.490182876586914,
				"CenterY": 394.70404052734375,
				"CenterZ": -305.0001220703125
			},
			"part5_1-hole_1": {
				"CenterX": 15.490066528320312,
				"CenterY": 394.70196533203125,
				"CenterZ": -305.0002136230469
			},
			"part5_1-hole_2": {
				"CenterX": 16.330047607421875,
				"CenterY": 410.68194580078125,
				"CenterZ": -335.00018310546875
			},
			"part5_1-hole_3": {
				"CenterX": 17.170059204101562,
				"CenterY": 426.66192626953125,
				"CenterZ": -305.00018310546875
			},
			"part5_1-hole_4": {
				"CenterX": 382.3701171875,
				"CenterY": 375.4820251464844,
				"CenterZ": -270.0001220703125
			},
			"part5_1-hole_5": {
				"CenterX": 383.2100830078125,
				"CenterY": 391.4619445800781,
				"CenterZ": -300.00018310546875
			},
			"part5_1-hole_6": {
				"CenterX": 384.04010009765625,
				"CenterY": 407.43194580078125,
				"CenterZ": -270.00018310546875
			},
			"part5_1-hole_7": {
				"CenterX": 408.24005126953125,
				"CenterY": 567.3920288085938,
				"CenterZ": -270.00018310546875
			}
		}
	}
}
